latitud,longitud,identificador
-34.922259,-57.953090,LP01530
-34.916003,-57.948069,LP2036
-34.914521,-57.949979,LP2048
-34.913640,-57.951255,LP2062
-34.911585,-57.953822,LP2072
-34.907477,-57.959581,LP2084
-34.905544,-57.961910,LP2086
-34.903943,-57.964114,LP2088
-34.902312,-57.966437,LP2092
-34.900834,-57.968358,LP2094
-34.909465,-57.956727,LP5005
-34.917884,-57.948276,LP2310
-34.931072,-57.943833,LP 1546
-34.882883,-57.983656,LP10014
-34.883552,-57.982884,LP10015
-34.884344,-57.981746,LP10016
-34.885206,-57.980588,LP10017
-34.885963,-57.979322,LP10018
-34.886826,-57.978163,LP10019
-34.887477,-57.977498,LP10020
-34.888181,-57.976468,LP10022
-34.892423,-57.973163,LP10025
-34.889371,-57.977044,LP10026
-34.890839,-57.975266,LP10027
-34.891754,-57.973957,LP10028
-34.932386,-57.937380,LP10091
-34.933180,-57.936243,LP10092
-34.934135,-57.935196,LP10093
-34.948828,-57.942921,LP10174
-34.951207,-57.944224,LP10175
-34.951888,-57.943372,LP10176
-34.934962,-57.934242,LP10304
-34.936075,-57.935535,LP7015
-34.937820,-57.937246,LP7014
-34.940591,-57.940298,LP7011
-34.941760,-57.941581,LP7010
-34.943462,-57.943463,LP10311
-34.945213,-57.945322,LP10313
-34.956600,-57.948826,LP10323
-34.959825,-57.950279,LP10325
-34.958882,-57.951299,LP10326
-34.952797,-57.942657,LP10327
-34.953729,-57.943579,LP10329
-34.881558,-57.967311,LP10351
-34.882192,-57.966520,LP10353
-34.884410,-57.963044,LP10355
-34.885536,-57.961542,LP10357
-34.887508,-57.959053,LP10358
-34.884336,-57.984118,LP10654
-34.885797,-57.977552,LP10655
-34.883043,-57.974451,LP10658
-34.881252,-57.972295,LP10660
-34.892776,-57.972783,LP10663
-34.893379,-57.973459,LP10665
-34.894444,-57.974585,LP10667
-34.885833,-57.985483,LP10743
-34.896987,-57.977411,LP10756
-34.900340,-57.973646,LP0758
-34.899013,-57.979245,LP0843
-34.899756,-57.976042,LP0845
-34.900900,-57.971220,LP0847
-34.950371,-57.943373,LP11726
-34.922838,-57.952393,LP1532
-34.924130,-57.950676,LP1534
-34.925670,-57.948707,LP1536
-34.926589,-57.947087,LP1538
-34.927372,-57.946385,LP1540
-34.929074,-57.944072,LP1542
-34.932522,-57.941997,LP1548
-34.933948,-57.939572,LP1560
-34.954697,-57.944731,LP2496
-34.954868,-57.946871,LP2498
-34.946489,-57.943832,LP2809
-34.944664,-57.941830,LP2811
-34.943943,-57.942324,LP2812
-34.895671,-57.975777,LP3400
-34.918153,-57.951976,LP12000
-34.921628,-57.956566,LP1525
-34.914607,-57.950132,LP2061
-34.913257,-57.951995,LP2073
-34.912012,-57.953663,LP2087
-34.909454,-57.956932,LP2099
-34.907141,-57.960151,LP2103
-34.905760,-57.962177,LP2105
-34.903815,-57.964764,LP2107
-34.902108,-57.966974,LP2111
-34.901456,-57.967988,LP2113
-34.919618,-57.953686,LP2301
-34.915971,-57.949662,LP2315
-34.935806,-57.937700,LP10125
-34.937705,-57.939379,LP10298
-34.939447,-57.941369,LP10300
-34.940410,-57.942388,LP10301
-34.942380,-57.944555,LP10302
-34.943294,-57.945558,LP10303
-34.953478,-57.943590,LP10330
-34.881088,-57.967968,LP10350
-34.882478,-57.965812,LP10352
-34.884133,-57.963634,LP10354
-34.885867,-57.961317,LP10356
-34.888393,-57.957948,LP10359
-34.960779,-57.949415,LP10389
-34.885434,-57.977254,LP10656
-34.882671,-57.974035,LP10657
-34.881509,-57.972512,LP10659
-34.893665,-57.973813,LP10666
-34.894668,-57.974843,LP10668
-34.896269,-57.976516,LP10672
-34.900317,-57.974010,LP0757
-34.899777,-57.976366,LP0844
-34.900907,-57.971592,LP0846
-34.889589,-57.975656,LP11010
-34.890839,-57.976751,LP11011
-34.891842,-57.976128,LP11012
-34.892581,-57.975163,LP11013
-34.956329,-57.948555,LP11036
-34.954773,-57.946687,LP11044
-34.958734,-57.951232,LP11051
-34.960462,-57.951239,LP11589
-34.961258,-57.950161,LP11590
-34.951004,-57.942707,LP11727
-34.951890,-57.943705,LP11728
-34.952541,-57.944327,LP11729
-34.947703,-57.942122,LP11730
-34.948962,-57.940502,LP11731
-34.949762,-57.941237,LP11732
-34.922867,-57.952774,LP1531
-34.924126,-57.951127,LP1533
-34.925638,-57.949223,LP1535
-34.926677,-57.948407,LP1537
-34.927416,-57.946787,LP1539
-34.929043,-57.944410,LP1541
-34.930750,-57.944142,LP1543
-34.934198,-57.939663,LP1549
-34.954557,-57.944599,LP2495
-34.886717,-57.978545,LP2522
-34.945790,-57.944255,LP2810
-34.895285,-57.975699,LP3401
-34.898799,-57.979467,LP3403
-34.883405,-57.982849,LP3474
-34.888192,-57.976329,LP3478
-34.889151,-57.975117,LP3479
-34.884376,-57.984134,LP3726
-34.932360,-57.942238,LP5003
-34.898441,-57.983360,LP11018
-34.852862,-58.081258,LP10855
-34.954017,-57.951816,LP10187
-34.880802,-58.056810,LP0800
-34.881612,-58.053333,LP0804
-34.882759,-58.048545,LP0806
-34.883595,-58.044951,LP0808
-34.884145,-58.042644,LP0810
-34.884673,-58.040112,LP0812
-34.885262,-58.037698,LP0814
-34.885790,-58.035349,LP0816
-34.886432,-58.032795,LP0818
-34.887075,-58.030403,LP0820
-34.887587,-58.028042,LP0822
-34.895536,-57.994263,LP0838
-34.898584,-57.981130,LP0840
-34.881956,-58.051704,LP0849
-34.898889,-57.979730,LP0888
-34.954771,-57.950767,LP11591
-34.951946,-57.952550,LP 2234
-34.888909,-58.022033,LP2239
-34.888150,-58.025558,LP2383
-34.889880,-58.019536,LP2531
-34.894058,-58.000355,LP2557
-34.893237,-58.003789,LP2559
-34.892071,-58.008804,LP2561
-34.890913,-58.013777,LP2563
-34.890134,-58.016921,LP2565
-34.889562,-58.019523,LP2567
-34.950489,-57.949840,LP2803
-34.949386,-57.946975,LP2805
-34.894625,-57.997679,LP0842
-34.949365,-57.948627,LP2804
-34.881723,-58.053703,LP0803
-34.851578,-58.086097,LP10859
-34.844567,-58.129201,LP18115
-34.844898,-58.116658,LP18116
-34.843427,-58.155706,LP18117
-34.834499,-58.169607,LP18118
-34.832227,-58.173123,LP18119
-34.844119,-58.143303,LP18250
-34.841617,-58.158111,LP18251
-34.838465,-58.163154,LP18252
-34.831508,-58.174333,LP18253
-34.827223,-58.181603,LP18501
-34.947186,-57.947656,LP10314
-34.949002,-57.949673,LP10315
-34.945277,-57.945547,LP10316
-34.854369,-58.079997,LP10455
-34.856204,-58.082125,LP10457
-34.858713,-58.085212,LP10460
-34.860756,-58.087594,LP10462
-34.861813,-58.088789,LP10464
-34.866891,-58.094441,LP10465
-34.863458,-58.090607,LP10470
-34.869462,-58.096983,LP0669
-34.869093,-58.097176,LP10774
-34.871226,-58.092966,LP0776
-34.873136,-58.088332,LP0778
-34.873866,-58.086229,LP0780
-34.874870,-58.082431,LP0782
-34.875407,-58.080038,LP0784
-34.875935,-58.077860,LP0786
-34.876498,-58.075682,LP0788
-34.877176,-58.072796,LP0790
-34.878294,-58.068022,LP0792
-34.878901,-58.065393,LP0794
-34.879429,-58.063022,LP0796
-34.880256,-58.059578,LP0798
-34.850917,-58.089428,LP10861
-34.850392,-58.091368,LP10863
-34.849820,-58.093546,LP10865
-34.847637,-58.098771,LP10867
-34.834628,-58.182113,LP15809
-34.839737,-58.188457,LP1817
-34.829274,-58.183449,LP18503
-34.832074,-58.184790,LP18505
-34.833338,-58.185449,LP18507
-34.835099,-58.183180,LP18511
-34.834391,-58.185409,LP18513
-34.836303,-58.186853,LP18515
-34.853359,-58.080395,LP10854
-34.852651,-58.082827,LP10856
-34.851535,-58.087264,LP10858
-34.883518,-58.045417,LP0807
-34.884020,-58.043025,LP0809
-34.884627,-58.040493,LP0811
-34.885349,-58.038122,LP0813
-34.885930,-58.035718,LP0815
-34.886501,-58.033252,LP0817
-34.886977,-58.031127,LP0819
-34.887637,-58.028552,LP0821
-34.898619,-57.981484,LP0839
-34.898980,-57.979864,LP0841
-34.897631,-57.984465,LP11006
-34.894735,-57.999380,LP1396
-34.951027,-57.952988,LP2235
-34.896508,-58.001318,LP2347
-34.889080,-58.022048,LP2382
-34.888189,-58.025965,LP2384
-34.954526,-57.951175,LP2469
-34.956377,-57.948847,LP2471
-34.893652,-58.004567,LP2558
-34.892129,-58.009240,LP2560
-34.890986,-58.014116,LP2562
-34.890198,-58.017389,LP2564
-34.889731,-58.019449,LP2566
-34.882797,-58.048950,LP0805
-34.882265,-58.051164,LP0848
-34.831160,-58.175494,LP18246
-34.832472,-58.173165,LP18247
-34.834541,-58.169904,LP18248
-34.838663,-58.163188,LP18249
-34.841737,-58.158229,LP18260
-34.844035,-58.155445,LP18262
-34.844385,-58.143577,LP18263
-34.844792,-58.129524,LP18265
-34.845244,-58.116903,LP18266
-34.848128,-58.098624,LP18267
-34.869126,-58.097521,LP`10773
-34.949453,-57.948983,LP10321
-34.854285,-58.080492,LP10456
-34.856424,-58.082503,LP10458
-34.858264,-58.084764,LP10459
-34.860482,-58.087360,LP10461
-34.861451,-58.088455,LP10463
-34.866951,-58.095321,LP10466
-34.862926,-58.090068,LP10469
-34.879444,-58.063397,LP0727
-34.871234,-58.093440,LP0775
-34.873012,-58.088890,LP0777
-34.873848,-58.086670,LP0779
-34.875028,-58.082861,LP0781
-34.875406,-58.080522,LP0783
-34.876013,-58.078076,LP0785
-34.876621,-58.075211,LP0787
-34.877085,-58.073084,LP0789
-34.878234,-58.068277,LP0791
-34.878845,-58.065740,LP0793
-34.880148,-58.059973,LP0797
-34.880782,-58.057613,LP0799
-34.850836,-58.089587,LP10860
-34.850277,-58.091709,LP10862
-34.849912,-58.093621,LP10864
-34.944224,-57.946536,LP11701
-34.946036,-57.948628,LP11702
-34.839539,-58.188140,LP1816
-34.827338,-58.181437,LP18500
-34.829465,-58.183390,LP18502
-34.832312,-58.184725,LP18504
-34.834421,-58.182242,LP18508
-34.835156,-58.183524,LP18510
-34.834672,-58.185871,LP18512
-34.836778,-58.186863,LP18514
-34.948050,-57.950714,LP1945
-34.879236,-58.050212,LP10163
-34.933767,-57.943012,LP10280
-34.934664,-57.944042,LP10282
-34.935702,-57.945051,LP10284
-34.936581,-57.946231,LP10286
-34.932667,-57.941992,LP1671
-34.936867,-57.946422,LP1679
-34.938898,-57.944549,LP2788
-34.940746,-57.942282,LP2790
-34.948410,-57.945950,LP2807
-34.873949,-58.046455,LP10127
-34.878397,-58.049663,LP10154
-34.880158,-58.050921,LP10172
-34.872288,-58.045305,LP10739
-34.870382,-58.043904,LP11558
-34.868494,-58.042584,LP11559
-34.876571,-58.048472,LP11567
-34.874850,-58.047152,LP11568
-34.933206,-57.942683,LP10281
-34.934068,-57.943703,LP10283
-34.935027,-57.944657,LP10285
-34.935898,-57.945655,LP10287
-34.937553,-57.947887,LP11072
-34.938885,-57.944878,LP2787
-34.940561,-57.942838,LP2789
-34.947672,-57.946315,LP2806
-34.868001,-58.048235,LP10529
-34.872472,-58.051432,LP10531
-34.874281,-58.052730,LP10534
-34.876055,-58.053997,LP10536
-34.877884,-58.055275,LP10539
-34.866799,-58.045689,LP10584
-34.868904,-58.048867,LP10586
-34.869775,-58.049528,LP10588
-34.870691,-58.050165,LP10590
-34.880648,-58.057223,LP10593
-34.866266,-58.043015,LP10951
-34.866938,-58.048292,LP11598
-34.864703,-58.045406,LP10879
-34.868210,-58.048178,LP10530
-34.872703,-58.051333,LP10532
-34.874499,-58.052695,LP10535
-34.876281,-58.053950,LP10537
-34.878075,-58.055220,LP10538
-34.866482,-58.046896,LP10585
-34.869128,-58.048816,LP10587
-34.870007,-58.049465,LP10589
-34.870906,-58.050098,LP10591
-34.867709,-58.046954,LP11597
-34.876079,-58.044114,LP10128
-34.869773,-58.039607,LP10600
-34.874260,-58.042785,LP10602
-34.872325,-58.041433,LP11713
-34.866341,-58.042268,LP10881
-34.867940,-58.038754,LP10883
-34.882611,-58.048775,LP11300
-34.881405,-58.047978,LP11301
-34.877765,-58.045350,LP11564
-34.879578,-58.046659,LP11565
-34.895550,-57.994788,LP0733
-34.894872,-57.997867,LP2551
-34.901193,-57.981658,LP10111
-34.901708,-57.971160,LP10675
-34.902812,-57.972290,LP10676
-34.904667,-57.974173,LP10677
-34.899437,-57.983945,LP11503
-34.905624,-57.975861,LP2701
-34.904447,-57.977214,LP2703
-34.902815,-57.979440,LP2705
-34.901978,-57.980400,LP2707
-34.898498,-58.042269,LP10387
-34.899156,-58.039393,LP10388
-34.909138,-58.036477,LP10393
-34.900635,-58.043296,LP10608
-34.905368,-58.044852,LP10615
-34.887208,-58.033424,LP10627
-34.889081,-58.034043,LP10629
-34.892232,-58.035158,LP10631
-34.894326,-58.035867,LP10633
-34.895558,-58.036242,LP10635
-34.899523,-58.037631,LP10637
-34.906300,-58.043961,LP10919
-34.907531,-58.042463,LP10921
-34.900933,-57.982375,LP10110
-34.902991,-57.979929,LP10114
-34.904460,-57.977799,LP10116
-34.905793,-57.976039,LP10118
-34.903463,-57.972123,LP10193
-34.905310,-57.974194,LP10194
-34.906454,-57.975374,LP10195
-34.897526,-57.989153,LP11007
-34.898599,-57.987737,LP11008
-34.899514,-57.984669,LP11009
-34.900553,-57.993552,LP2506
-34.897772,-57.990462,LP2508
-34.900201,-57.993627,LP2509
-34.898826,-58.042461,LP10386
-34.909006,-58.036654,LP10391
-34.900916,-58.043232,LP10607
-34.904083,-58.044519,LP10612
-34.904392,-58.044369,LP10613
-34.905360,-58.044787,LP10616
-34.886680,-58.033004,LP10626
-34.889382,-58.033944,LP10628
-34.892533,-58.035021,LP10630
-34.894126,-58.035719,LP10632
-34.895279,-58.036113,LP10634
-34.899663,-58.037716,LP10636
-34.906291,-58.043793,LP10918
-34.907101,-58.042784,LP10920
-34.899223,-58.039669,LP11556
-34.896585,-58.001832,LP2262
-34.901117,-57.995679,LP2340
-34.897518,-58.000587,LP2342
-34.898310,-57.999483,LP2344
-34.888767,-58.122887,LP10402
-34.869776,-58.098247,LP10471
-34.871178,-58.099750,LP10474
-34.874461,-58.103731,LP10476
-34.875280,-58.104600,LP10478
-34.876934,-58.106542,LP10481
-34.880437,-58.110908,LP10488
-34.883104,-58.113773,LP10492
-34.885665,-58.116712,LP10496
-34.887496,-58.118869,LP10498
-34.889049,-58.121332,LP10502
-34.873120,-58.102058,LP10507
-34.887832,-58.126292,LP10717
-34.929238,-57.957663,LP10138
-34.930669,-57.955903,LP10140
-34.923633,-57.954793,LP10220
-34.925516,-57.956574,LP10221
-34.926184,-57.957668,LP10222
-34.927416,-57.958741,LP10223
-34.931603,-57.953106,LP11595
-34.933805,-57.951428,LP2784
-34.935503,-57.949168,LP2786
-34.890606,-58.135661,LP10437
-34.891856,-58.134144,LP10439
-34.886800,-58.131574,LP10443
-34.888134,-58.132786,LP10445
-34.889353,-58.134283,LP10447
-34.889029,-58.127918,LP10719
-34.890433,-58.129592,LP10721
-34.891749,-58.131190,LP10723
-34.893060,-58.132601,LP10725
-34.928212,-57.959229,LP10137
-34.889490,-58.123989,LP10401
-34.888090,-58.127002,LP10407
-34.889832,-58.122818,LP10409
-34.888931,-58.126646,LP10411
-34.886526,-58.128479,LP10423
-34.870043,-58.098196,LP10467
-34.871416,-58.099827,LP10473
-34.874409,-58.103453,LP10475
-34.876654,-58.105975,LP10479
-34.879329,-58.108968,LP10485
-34.880843,-58.110963,LP10487
-34.883475,-58.114011,LP10491
-34.886256,-58.117475,LP10495
-34.887824,-58.119127,LP10497
-34.889760,-58.121412,LP10499
-34.873353,-58.102134,LP10505
-34.929003,-57.958149,LP10139
-34.930498,-57.956261,LP10141
-34.925565,-57.955573,LP11069
-34.927518,-57.957643,LP11070
-34.928424,-57.958641,LP11071
-34.932887,-57.953509,LP2781
-34.933889,-57.951776,LP2783
-34.935464,-57.949534,LP2785
-34.885602,-58.129799,LP10421
-34.881460,-58.064606,LP10522
-34.884131,-58.065545,LP10524
-34.879586,-58.063274,LP10528
-34.892453,-58.009390,LP10650
-34.885711,-58.065968,LP10713
-34.886319,-58.063409,LP10715
-34.886291,-58.060941,LP11666
-34.895208,-58.023946,LP11670
-34.894586,-58.017869,LP2397
-34.892976,-58.019945,LP2399
-34.894091,-58.022974,LP2535
-34.886810,-58.058606,LP2901
-34.887101,-58.057340,LP2903
-34.887343,-58.056084,LP2905
-34.887981,-58.053579,LP2907
-34.888509,-58.051300,LP2909
-34.889204,-58.048290,LP2911
-34.889799,-58.045898,LP2913
-34.890357,-58.043456,LP2915
-34.890944,-58.041050,LP2919
-34.891239,-58.039776,LP2921
-34.891811,-58.037443,LP2923
-34.892399,-58.034820,LP2925
-34.892934,-58.032589,LP2927
-34.893510,-58.029815,LP2929
-34.894073,-58.027618,LP2931
-34.894950,-58.024531,LP2935
-34.897065,-58.014486,LP3419
-34.895120,-58.012410,LP3421
-34.893395,-58.010377,LP3423
-34.881272,-58.064642,LP10523
-34.884070,-58.065671,LP10525
-34.886458,-58.061198,LP10547
-34.885794,-58.065997,LP10712
-34.886380,-58.063621,LP10714
-34.897038,-58.014185,LP11530
-34.894488,-58.018230,LP2396
-34.893010,-58.020409,LP2398
-34.892484,-58.021347,LP2534
-34.894464,-58.023089,LP2536
-34.886926,-58.059021,LP2900
-34.887261,-58.057648,LP2902
-34.887498,-58.056468,LP2904
-34.888062,-58.053909,LP2906
-34.888616,-58.051672,LP2908
-34.889324,-58.048518,LP2910
-34.889879,-58.046136,LP2912
-34.890437,-58.043658,LP2914
-34.890750,-58.042475,LP2916
-34.891027,-58.041415,LP2918
-34.891335,-58.040159,LP2920
-34.891864,-58.037644,LP2922
-34.892440,-58.035402,LP2924
-34.892964,-58.033025,LP2926
-34.893492,-58.030805,LP2928
-34.894099,-58.027999,LP2930
-34.895348,-58.024109,LP2934
-34.895445,-58.012407,LP3420
-34.893643,-58.010549,LP3422
-34.892338,-58.009092,LP3424
-34.876857,-58.017775,LP10894
-34.880083,-58.010844,LP10896
-34.881289,-58.008194,LP10898
-34.882925,-58.006027,LP10900
-34.886878,-58.000968,LP10906
-34.888785,-57.998371,LP10907
-34.891228,-57.995366,LP10910
-34.885827,-58.002346,LP3511
-34.878645,-58.014143,LP3521
-34.877622,-58.016409,LP3522
-34.876132,-58.019915,LP3523
-34.856841,-58.072347,LP`10872
-34.851489,-58.076689,LP10451
-34.852452,-58.077674,LP10453
-34.853668,-58.078609,LP10853
-34.855251,-58.075468,LP10868
-34.856119,-58.074057,LP10869
-34.859746,-58.067116,LP10874
-34.861652,-58.060309,LP10876
-34.863466,-58.049585,LP10878
-34.864408,-58.045562,LP10880
-34.866077,-58.041925,LP10882
-34.870970,-58.031674,LP10886
-34.872329,-58.028478,LP10888
-34.873600,-58.025822,LP10890
-34.862038,-58.056105,LP10912
-34.862601,-58.053509,LP10914
-34.850429,-58.076535,LP10450
-34.867586,-58.038932,LP10884
-34.852064,-58.079569,LP11704
-34.851492,-58.082515,LP11706
-34.850964,-58.084639,LP11707
-34.850130,-58.087793,LP11708
-34.850376,-58.078938,LP11000
-34.885405,-58.129649,LP10422
-34.886738,-58.127997,LP10424
-34.880621,-58.010504,LP10895
-34.887153,-58.001176,LP10905
-34.889030,-57.998517,LP10908
-34.891087,-57.995769,LP10909
-34.885934,-58.002568,LP3510
-34.883778,-58.005482,LP3512
-34.882625,-58.006951,LP3514
-34.878755,-58.014279,LP3520
-34.877572,-58.017025,LP3524
-34.863696,-58.049273,LP`10877
-34.854319,-58.077826,LP10852
-34.858073,-58.070876,LP10871
-34.860076,-58.067298,LP10873
-34.861957,-58.059107,LP10875
-34.871126,-58.031926,LP10885
-34.872657,-58.028449,LP10887
-34.874333,-58.024399,LP10889
-34.876115,-58.020601,LP10891
-34.862345,-58.055831,LP10911
-34.863071,-58.053459,LP10913
-34.893089,-57.993478,LP11734
-34.884449,-58.131054,LP10419
-34.878880,-58.108880,LP10483
-34.885320,-58.129896,LP12800
-34.884308,-58.032321,LP10623
-34.896023,-57.988984,LP10109
-34.872836,-58.028364,LP10617
-34.876590,-58.029684,LP10619
-34.880397,-58.030982,LP10621
-34.897715,-57.978423,LP10755
-34.888029,-57.997147,LP11014
-34.890757,-57.993381,LP11015
-34.893247,-57.990141,LP11016
-34.888014,-57.998184,LP3444
-34.870423,-58.056636,LP10526
-34.874366,-58.052850,LP10133
-34.873349,-58.054948,LP10131
-34.863596,-58.054022,LP10500
-34.871797,-58.057848,LP10521
-34.882685,-58.058730,LP10541
-34.885179,-58.060442,LP10544
-34.886213,-58.061134,LP10546
-34.887962,-58.062174,LP10549
-34.889436,-58.062839,LP10551
-34.893651,-58.065404,LP10553
-34.895224,-58.066256,LP10555
-34.898563,-58.067815,LP10557
-34.901919,-58.069548,LP10559
-34.903996,-58.070631,LP10561
-34.892203,-58.064575,LP10583
-34.867197,-58.058600,LP10709
-34.868346,-58.059125,LP10727
-34.865079,-58.054552,LP11580
-34.866844,-58.055287,LP11581
-34.867716,-58.056473,LP11582
-34.869310,-58.059481,LP11583
-34.870115,-58.056780,LP11585
-34.901578,-58.081059,LP10404
-34.902936,-58.075703,LP10406
-34.908970,-58.093912,LP10426
-34.909533,-58.091423,LP10428
-34.910236,-58.088882,LP10511
-34.904209,-58.082187,LP10513
-34.906946,-58.083185,LP10515
-34.908837,-58.083829,LP10517
-34.911037,-58.084580,LP10519
-34.912284,-58.089340,LP11560
-34.882898,-58.058599,LP10540
-34.885444,-58.060409,LP10545
-34.888110,-58.062074,LP10548
-34.889241,-58.062771,LP10550
-34.893874,-58.065243,LP10552
-34.895502,-58.066097,LP10554
-34.898842,-58.067714,LP10556
-34.902212,-58.069628,LP10558
-34.892510,-58.064357,LP10582
-34.880991,-58.057364,LP10592
-34.867368,-58.058693,LP10710
-34.868507,-58.059070,LP10726
-34.869420,-58.059302,LP11584
-34.870106,-58.056410,LP11586
-34.871612,-58.053372,LP11587
-34.867715,-58.056813,LP11709
-34.867024,-58.055306,LP11710
-34.865306,-58.054539,LP11711
-34.911256,-58.084388,LP`10518
-34.901982,-58.081235,LP10403
-34.903095,-58.075477,LP10405
-34.909063,-58.093401,LP10425
-34.909608,-58.091105,LP10427
-34.910384,-58.088959,LP10510
-34.904489,-58.082114,LP10512
-34.907226,-58.083048,LP10514
-34.909047,-58.083680,LP10516
-34.904157,-58.070830,LP10560
-34.912157,-58.089565,LP11561
-34.881677,-58.031494,LP10134
-34.884075,-58.032255,LP10624
-34.896837,-57.985294,LP10094
-34.873308,-58.028569,LP10618
-34.876532,-58.029605,LP10620
-34.880370,-58.030935,LP10622
-34.886227,-58.033078,LP10638
-34.896991,-57.980399,LP10752
-34.897004,-57.982244,LP10754
-34.892879,-57.990645,LP11001
-34.891454,-57.992533,LP11002
-34.888814,-57.996009,LP11003
-34.895386,-57.987260,LP11017
-34.898795,-57.971013,LP2115
-34.897215,-57.973325,LP2117
-34.888017,-57.998436,LP3445
-34.850274,-58.075556,LP10449
-34.873777,-58.058901,LP10149
-34.876018,-58.059162,LP10164
-34.876786,-58.057665,LP10165
-34.877886,-58.055562,LP10166
-34.878458,-58.054392,LP10167
-34.879004,-58.053201,LP10168
-34.879471,-58.052193,LP10169
-34.880844,-58.049897,LP10170
-34.881416,-58.048202,LP10171
-34.872139,-58.057970,LP10520
-34.862571,-58.034985,LP10603
-34.867808,-58.038085,LP10604
-34.882208,-58.023507,LP10641
-34.882990,-58.037578,LP11600
-34.883580,-58.035185,LP11602
-34.882383,-58.040045,LP11604
-34.881769,-58.042416,LP11605
-34.881887,-58.029971,LP11606
-34.882600,-58.026977,LP11607
-34.882468,-58.023469,LP11608
-34.876364,-58.020357,LP11609
-34.881862,-58.031408,LP11610
-34.881179,-58.044819,LP11611
-34.880792,-58.046525,LP11612
-34.874112,-58.048526,LP11715
-34.859427,-58.042002,LP11716
-34.859823,-58.041026,LP11717
-34.860211,-58.040082,LP11718
-34.860994,-58.038441,LP11719
-34.861787,-58.036627,LP11720
-34.862350,-58.035168,LP11721
-34.863374,-58.035469,LP11722
-34.864592,-58.036209,LP11723
-34.865367,-58.036692,LP11724
-34.866916,-58.037775,LP11725
-34.878360,-58.021731,LP1995
-34.877403,-58.021213,LP3171
-34.875261,-58.060430,LP10199
-34.852447,-58.078254,LP10454
-34.852047,-58.080401,LP11705
-34.909842,-57.945569,LP10209
-34.911663,-57.947597,LP10210
-34.913466,-57.948300,LP10214
-34.908677,-58.035514,LP10392
-34.905553,-58.032603,LP10646
-34.906820,-58.033869,LP10647
-34.907796,-58.034662,LP10648
-34.901813,-58.029119,LP11202
-34.900388,-58.033830,LP11205
-34.899637,-58.037378,LP11555
-34.912122,-58.061827,LP 10273
-34.906572,-58.071855,LP10563
-34.909242,-58.073180,LP10565
-34.917066,-58.077209,LP10569
-34.922150,-58.079644,LP10573
-34.931140,-58.089278,LP10575
-34.938001,-58.097584,LP15209
-34.947337,-58.102966,LP10100
-34.938656,-58.097519,LP15201
-34.931849,-58.089644,LP15202
-34.922738,-58.079559,LP15203
-34.917830,-58.076941,LP15204
-34.909894,-58.073165,LP15205
-34.891270,-58.008078,LP10833
-34.907899,-57.972525,LP1502
-34.909223,-57.970712,LP1504
-34.912249,-57.966864,LP1508
-34.914625,-57.963610,LP1514
-34.889796,-58.006371,LP3426
-34.888089,-58.004300,LP3428
-34.916834,-57.961442,LP1322
-34.912549,-57.966678,LP1509
-34.891358,-58.008397,LP3425
-34.889426,-58.006311,LP3427
-34.887679,-58.004293,LP3429
-34.883579,-58.035052,LP`10162
-34.881993,-58.029638,LP10135
-34.882733,-58.026709,LP10136
-34.876215,-58.053804,LP10152
-34.880686,-58.047195,LP10156
-34.880933,-58.045994,LP10157
-34.881258,-58.044546,LP10158
-34.881892,-58.042175,LP10159
-34.882383,-58.039848,LP10160
-34.882928,-58.037434,LP10161
-34.862982,-58.035295,LP10595
-34.863735,-58.035761,LP10596
-34.864369,-58.036174,LP10597
-34.865289,-58.036765,LP10598
-34.878670,-58.021865,LP10640
-34.883150,-58.023764,LP10642
-34.876320,-58.020470,LP10643
-34.859181,-58.042457,LP10744
-34.859577,-58.041583,LP10745
-34.859920,-58.040800,LP10746
-34.860365,-58.039764,LP10747
-34.861075,-58.038100,LP10748
-34.861390,-58.037152,LP10749
-34.861778,-58.036248,LP10750
-34.867232,-58.037806,LP2761
-34.902589,-57.971062,LP2408
-34.905850,-57.976047,LP2700
-34.864717,-58.104978,LP15120
-34.862041,-58.101952,LP15121
-34.859312,-58.098777,LP15123
-34.857058,-58.096223,LP15124
-34.855562,-58.094742,LP15125
-34.854822,-58.093895,LP15126
-34.852401,-58.092232,LP15127
-34.851934,-58.090129,LP15128
-34.851384,-58.088423,LP15129
-34.850380,-58.088021,LP15130
-34.849663,-58.086664,LP15131
-34.849971,-58.084730,LP15132
-34.850609,-58.082558,LP15133
-34.851164,-58.080444,LP15134
-34.851498,-58.074481,LP15101
-34.852502,-58.072587,LP15102
-34.853453,-58.071654,LP15103
-34.855002,-58.072018,LP15106
-34.855390,-58.074186,LP15107
-34.872607,-58.043810,LP15108
-34.872008,-58.045012,LP15109
-34.870934,-58.047211,LP15110
-34.872649,-58.055999,LP15111
-34.874366,-58.057275,LP15112
-34.876153,-58.058531,LP15113
-34.875196,-58.090799,LP15114
-34.877062,-58.092451,LP15115
-34.878294,-58.093610,LP15116
-34.880565,-58.095606,LP15117
-34.882624,-58.097708,LP15118
-34.884965,-58.100498,LP15119
-34.866648,-58.103996,LP0768
-34.867511,-58.101785,LP0770
-34.868382,-58.099693,LP0772
-34.887488,-58.102826,LP15100
-34.885428,-58.100438,LP15136
-34.883140,-58.097669,LP15137
-34.880676,-58.095202,LP15138
-34.878828,-58.093593,LP15139
-34.877349,-58.092305,LP15140
-34.875395,-58.090588,LP15141
-34.873269,-58.088598,LP15142
-34.592095,-58.374607,FFCC MITRE
-34.600335,-58.370707,METRO TUCUMAN
-34.609960,-58.369613,METRO ALSINA
-34.625248,-58.366673,BRASIL Y AZOPARDO
-34.905958,-57.955324,TERMINAL LA PLATA
-34.889771,-57.958151,AV. 32 Y CALLE 119
-34.843988,-58.154879,L195901
-34.844461,-58.139130,L195004
-34.614300,-58.369366,METRO MEXICO
-34.618927,-58.369125,AV. PASEO COLON Y CARLOS CALVO
-34.841321,-58.189785,ROTONDA DE ALPARGATAS VTA
-34.911843,-57.956710,LP11500
-34.908668,-57.955527,LP2204
-34.843718,-58.156727,L195902
-34.623964,-58.367695,AV. GARAY Y AV. PASEO COLON
-34.610270,-58.369365,METROBUS ALSINA
-34.601106,-58.370146,METROBUS TUCUMAN
-34.590381,-58.373111,PLAZA CANADA
-34.913378,-57.958454,AV. 44 Y CALLE 10
-34.915239,-57.960428,AV
-34.914625,-57.963461,AV. 13 Y CALLE 42
-34.912091,-57.966889,AV. 13 Y CALLE 39
-34.908858,-57.971266,AV. 13 Y CALLE 35
-34.907054,-57.973664,AV. 13 Y CALLE 33
-34.841157,-58.189921,ROTONDA DE ALPARGATAS
-34.910680,-57.941476,M
-34.891615,-57.960201,AV. 32 Y CALLE 117
-34.893036,-57.961767,AV. 32 Y CALLE 115
-34.909530,-57.954227,LP1935
-34.889613,-57.956458,LP2165
-34.904793,-57.949228,PB154784
-34.905057,-57.955448,LP2356
-34.889719,-57.956422,ROTONDA 120
-34.905154,-57.973798,AV. 32 Y CALLE 11
-34.902856,-57.971273,AV. 32 Y CALLE 9
-34.900877,-57.969106,AV. 32 Y AV. 7
-34.896996,-57.964917,AV. 32 Y CALLE 3
-34.895245,-57.962943,AV. 32 Y AV. 1
-34.893705,-57.960856,AV. 32 Y CALLE 116
-34.779818,-58.262699,MO-00001
-34.774966,-58.234131,MO-00030
-34.773371,-58.231091,MO-00031
-34.771776,-58.228065,MO-00032
-34.771062,-58.226686,MO-00033
-34.769476,-58.223784,MO-00034
-34.768207,-58.221381,MO-00035
-34.766422,-58.217996,MO-00036
-34.765461,-58.216113,MO-00037
-34.763703,-58.212814,MO-00038
-34.783069,-58.258476,MO-00062
-34.784272,-58.256443,MO-00063
-34.785175,-58.255836,MO-00064
-34.785127,-58.253095,MO-00065
-34.783805,-58.250633,MO-00066
-34.782686,-58.248573,MO-00067
-34.781664,-58.246728,MO-00068
-34.780655,-58.244737,MO-00069
-34.779870,-58.243300,MO-00070
-34.779236,-58.242157,MO-00071
-34.778408,-58.240596,MO-00072
-34.777095,-58.238155,MO-00073
-34.775521,-58.235103,MO-00074
-34.736808,-58.240548,MO-00201
-34.735864,-58.241492,MO-00202
-34.733938,-58.243375,MO-00203
-34.731826,-58.245564,MO-00204
-34.728872,-58.248310,MO-00205
-34.727885,-58.249222,MO-00206
-34.744253,-58.229197,MO-00392
-34.729860,-58.247420,MO-00394
-34.724591,-58.251609,MO-00396
-34.723811,-58.252172,MO-00397
-34.723017,-58.252709,MO-00398
-34.757733,-58.206725,MO-00540
-34.756079,-58.208613,MO-00541
-34.753888,-58.212401,MO-00542
-34.752495,-58.215367,MO-00543
-34.750715,-58.219256,MO-00544
-34.749983,-58.222116,MO-00545
-34.746867,-58.226225,MO-00547
-34.745633,-58.227705,MO-00548
-34.721474,-58.253814,MO-00719
-34.719917,-58.255026,MO-00720
-34.720673,-58.256862,MO-00721
-34.721629,-58.258718,MO-00722
-34.722242,-58.259952,MO-00723
-34.723762,-58.260933,MO-00971
-34.708880,-58.312072,MO-01068
-34.707685,-58.313284,MO-01069
-34.705771,-58.315258,MO-01070
-34.703959,-58.317232,MO-01071
-34.725645,-58.258696,MO-01073
-34.728396,-58.261769,MO-01074
-34.729379,-58.263513,MO-01075
-34.710780,-58.277417,MO-01088
-34.709709,-58.280132,MO-01089
-34.710529,-58.284299,MO-01091
-34.711292,-58.285759,MO-01092
-34.712161,-58.286822,MO-01093
-34.713691,-58.288565,MO-01094
-34.714626,-58.289670,MO-01095
-34.715698,-58.290957,MO-01096
-34.717677,-58.293285,MO-01097
-34.719684,-58.295651,MO-01098
-34.721456,-58.297845,MO-01099
-34.722364,-58.298859,MO-01100
-34.723233,-58.299819,MO-01101
-34.720186,-58.303612,MO-01103
-34.716456,-58.304754,MO-01104
-34.712686,-58.308440,MO-01105
-34.702089,-58.319635,MO-01308
-34.700408,-58.321776,MO-01309
-34.698869,-58.323669,MO-01310
-34.697035,-58.326014,MO-01311
-34.695629,-58.327889,MO-01312
-34.693996,-58.330053,MO-01313
-34.692200,-58.332559,MO-01314
-34.690022,-58.335723,MO-01315
-34.688478,-58.337703,MO-01316
-34.687265,-58.339076,MO-01317
-34.685955,-58.340455,MO-01318
-34.663667,-58.343872,MO-01328
-34.661324,-58.343802,MO-01329
-34.659180,-58.343727,MO-01330
-34.655477,-58.343609,MO-01331
-34.650509,-58.343470,MO-01333
-34.648324,-58.343362,MO-01334
-34.644864,-58.347214,MO-01335
-34.613992,-58.369095,MO-01344
-34.610518,-58.369331,MO-01346
-34.671781,-58.335385,MO-01390
-34.681146,-58.341624,MO-01568
-34.679841,-58.339430,MO-01569
-34.676157,-58.334591,MO-01570
-34.786140,-58.255450,MO-01593
-34.726209,-58.250365,MO-01597
-34.692800,-58.331770,MO-01505
-34.646025,-58.345696,MO-01503
-34.741410,-58.233590,MO-01239
-34.740471,-58.235688,MO-01219
-34.739258,-58.238011,MO-01217
-34.738386,-58.239073,MO-01207
-34.742873,-58.231144,MO-00393
-34.684406,-58.341877,MO-01248
-34.762914,-58.209395,MO-00352
-34.762226,-58.208257,MO-00353
-34.761508,-58.206948,MO-00354
-34.760142,-58.204497,MO-00384
-34.631644,-58.361189,MO-00607
-34.629578,-58.364322,MO-00608
-34.626082,-58.367916,MO-00609
-34.618785,-58.368431,MO-00610
-34.724740,-58.302245,MO-01102
-34.729692,-58.266056,MO-01202
-34.728797,-58.266689,MO-01274
-34.727219,-58.267842,MO-01434
-34.725477,-58.269097,MO-01482
-34.723727,-58.270353,MO-01483
-34.722025,-58.271672,MO-01484
-34.720367,-58.272858,MO-01485
-34.718568,-58.274124,MO-01486
-34.716875,-58.275218,MO-01487
-34.714983,-58.276683,MO-01488
-34.713431,-58.277756,MO-01489
-34.712170,-58.275293,MO-01490
-34.783805,-58.256893,MO-00152
-34.764928,-58.215426,MO-00253
-34.766100,-58.217663,MO-00254
-34.762553,-58.212143,MO-00632
-34.762791,-58.214423,MO-00647
-34.767612,-58.220544,MO-01175
-34.768780,-58.222749,MO-01176
-34.770146,-58.225254,MO-01177
-34.770952,-58.226804,MO-01178
-34.771442,-58.227759,MO-01179
-34.773027,-58.230774,MO-01180
-34.774416,-58.233376,MO-01181
-34.775601,-58.235640,MO-01182
-34.777169,-58.238622,MO-01183
-34.778919,-58.241905,MO-01184
-34.780192,-58.244233,MO-01185
-34.781316,-58.246320,MO-01186
-34.782888,-58.249163,MO-01187
-34.784171,-58.251588,MO-01188
-34.785325,-58.253787,MO-01236
-34.781377,-58.259144,MO-00153
-34.723652,-58.261083,MO-00403
-34.721606,-58.260520,MO-00404
-34.721099,-58.259559,MO-00405
-34.720618,-58.258604,MO-00406
-34.720147,-58.257633,MO-00407
-34.719648,-58.256743,MO-00408
-34.720288,-58.256180,MO-00409
-34.721756,-58.255064,MO-00410
-34.722589,-58.254490,MO-00411
-34.723374,-58.253937,MO-00412
-34.724961,-58.252854,MO-00413
-34.725804,-58.252140,MO-00414
-34.727298,-58.251067,MO-00415
-34.728083,-58.250493,MO-00416
-34.729207,-58.249635,MO-00417
-34.730340,-58.248793,MO-00418
-34.731469,-58.247940,MO-00419
-34.731059,-58.246610,MO-00420
-34.735839,-58.241847,MO-00423
-34.736787,-58.240967,MO-00424
-34.738131,-58.239659,MO-00425
-34.739326,-58.238555,MO-00426
-34.743940,-58.229792,MO-00430
-34.725451,-58.257360,MO-00558
-34.724613,-58.257971,MO-00559
-34.723987,-58.259125,MO-00560
-34.759679,-58.210904,MO-00645
-34.760913,-58.213302,MO-00646
-34.745558,-58.227984,MO-00777
-34.746686,-58.226654,MO-00778
-34.747546,-58.225640,MO-00779
-34.749851,-58.222985,MO-00780
-34.751036,-58.218972,MO-00781
-34.752359,-58.216145,MO-00782
-34.753981,-58.212701,MO-00783
-34.755849,-58.209177,MO-00784
-34.757983,-58.207637,MO-00785
-34.758542,-58.208758,MO-00786
-34.705890,-58.315687,MO-01154
-34.707840,-58.313713,MO-01155
-34.729639,-58.263829,MO-01172
-34.728608,-58.261625,MO-01173
-34.726266,-58.256995,MO-01174
-34.703231,-58.318814,MO-01307
-34.712884,-58.308558,MO-01429
-34.716266,-58.305130,MO-01430
-34.722576,-58.298902,MO-01468
-34.721681,-58.297861,MO-01469
-34.719900,-58.295678,MO-01470
-34.718171,-58.293688,MO-01471
-34.715905,-58.290973,MO-01472
-34.714904,-58.289793,MO-01473
-34.713881,-58.288554,MO-01474
-34.712629,-58.287095,MO-01475
-34.711566,-58.285893,MO-01476
-34.710516,-58.284600,MO-01477
-34.709061,-58.282310,MO-01478
-34.709797,-58.280454,MO-01479
-34.710305,-58.279091,MO-01480
-34.712117,-58.275588,MO-01481
-34.721813,-58.305801,MO-01520
-34.724437,-58.305109,MO-01521
-34.725927,-58.303306,MO-01522
-34.725322,-58.301788,MO-01523
-34.709445,-58.311943,MO-01725
-34.722567,-58.306739,MO-01726
-34.732421,-58.245188,MO-01293
-34.733603,-58.243997,MO-01272
-34.740290,-58.236616,MO-01271
-34.741106,-58.234760,MO-01270
-34.742891,-58.231900,MO-01269
-34.723510,-58.299961,MO-00197
-34.720816,-58.304716,MO-00249
-34.713208,-58.277852,MO-01077
-34.715007,-58.276881,MO-01078
-34.716660,-58.275669,MO-01079
-34.718239,-58.274474,MO-01080
-34.720079,-58.273298,MO-01081
-34.721944,-58.271940,MO-01082
-34.723571,-58.270739,MO-01083
-34.725370,-58.269457,MO-01084
-34.726975,-58.268282,MO-01085
-34.728730,-58.267016,MO-01086
-34.730213,-58.265927,MO-01087
-34.601815,-58.369696,MO-00598
-34.610504,-58.369599,MO-00600
-34.614619,-58.369476,MO-00602
-34.645787,-58.347745,MO-00611
-34.648139,-58.347782,MO-00612
-34.650460,-58.347842,MO-00614
-34.654021,-58.348002,MO-01278
-34.655204,-58.348019,MO-01279
-34.657551,-58.348094,MO-01280
-34.659683,-58.348142,MO-01281
-34.684323,-58.342611,MO-01295
-34.685928,-58.341216,MO-01296
-34.687340,-58.339709,MO-01297
-34.689166,-58.337563,MO-01298
-34.692924,-58.332392,MO-01300
-34.694216,-58.330536,MO-01301
-34.696263,-58.327736,MO-01302
-34.699059,-58.324142,MO-01304
-34.700673,-58.322092,MO-01305
-34.661893,-58.347412,MO-01524
-34.665542,-58.344221,MO-01525
-34.676051,-58.334709,MO-01526
-34.679664,-58.339393,MO-01527
-34.680970,-58.341565,MO-01528
-34.683652,-58.345540,MO-01529
-34.683524,-58.343421,MO-01530
-34.671816,-58.336565,MO-01591
-34.619281,-58.368860,MO-00573
-34.625664,-58.368131,MO-00574
-34.628269,-58.366843,MO-00605
-34.630202,-58.363930,MO-00606
-34.762407,-58.211709,MO-00251
-34.726981,-58.249823,MO-00395
-34.747841,-58.225114,MO-00546
-34.779699,-58.260294,MO-00002
-34.779293,-58.261539,MO-00154
-34.763456,-58.209745,MO-00561
-34.768758,-58.199027,MO-00631
-34.779610,-58.264704,MO-01237
-34.778183,-58.267300,MO-01238
-34.776011,-58.271340,MO-01241
-34.774301,-58.274483,MO-01242
-34.772948,-58.276935,MO-01243
-34.771463,-58.279724,MO-01244
-34.769515,-58.283254,MO-01245
-34.757383,-58.298242,MO-01252
-34.755717,-58.300195,MO-01253
-34.754620,-58.301482,MO-01254
-34.752896,-58.303472,MO-01255
-34.750970,-58.305683,MO-01256
-34.747828,-58.309325,MO-01257
-34.745597,-58.311905,MO-01258
-34.708761,-58.307222,MO-01275
-34.706296,-58.304722,MO-01276
-34.694304,-58.306444,MO-01277
-34.692130,-58.309202,MO-01383
-34.690374,-58.311154,MO-01384
-34.688826,-58.313134,MO-01385
-34.686352,-58.316304,MO-01386
-34.682073,-58.322661,MO-01387
-34.676466,-58.329120,MO-01388
-34.767149,-58.201945,MO-01699
-34.768211,-58.285444,MO-01194
-34.766660,-58.287536,MO-01129
-34.765183,-58.289285,MO-01106
-34.763769,-58.290916,MO-01090
-34.761909,-58.293051,MO-00385
-34.760768,-58.294339,MO-01072
-34.758833,-58.296581,MO-01033
-34.764875,-58.206990,MO-00199
-34.764514,-58.208431,MO-00200
-34.744526,-58.313110,MO-01268
-34.742164,-58.315854,MO-00652
-34.739576,-58.318885,MO-00829
-34.737610,-58.321191,MO-00837
-34.736121,-58.321793,MO-00840
-34.734927,-58.319567,MO-00841
-34.733450,-58.316788,MO-00856
-34.731444,-58.313065,MO-00857
-34.730148,-58.310426,MO-00858
-34.728865,-58.308269,MO-00859
-34.727716,-58.306193,MO-00098
-34.725918,-58.302856,MO-00096
-34.695059,-58.307329,MO-01397
-34.719697,-58.303928,MO-01431
-34.745659,-58.312125,MO-01447
-34.747687,-58.309765,MO-01448
-34.750834,-58.306149,MO-01449
-34.752720,-58.303950,MO-01450
-34.754554,-58.301815,MO-01451
-34.755620,-58.300592,MO-01452
-34.757295,-58.298682,MO-01453
-34.771476,-58.279992,MO-01461
-34.773239,-58.276736,MO-01462
-34.774420,-58.274590,MO-01463
-34.775971,-58.271710,MO-01464
-34.777068,-58.269655,MO-01465
-34.777720,-58.268459,MO-01466
-34.707734,-58.308220,MO-01723
-34.778844,-58.266528,MO-01718
-34.778174,-58.264296,MO-01717
-34.758306,-58.297444,MO-01030
-34.760263,-58.295250,MO-01028
-34.762607,-58.292814,MO-01018
-34.764322,-58.290808,MO-00974
-34.766243,-58.288313,MO-00925
-34.767931,-58.286087,MO-00887
-34.769283,-58.283941,MO-00886
-34.728565,-58.308237,MO-00099
-34.729570,-58.310189,MO-00383
-34.731422,-58.313365,MO-00579
-34.733194,-58.316777,MO-00580
-34.734684,-58.319459,MO-00581
-34.736112,-58.322088,MO-00601
-34.737576,-58.321498,MO-00603
-34.742002,-58.316198,MO-00604
-34.744400,-58.313526,MO-00613
-34.725644,-58.302669,MO-00097
-34.726989,-58.305115,MO-00876
-34.605378,-58.369498,MO-00599
-34.605237,-58.369841,MO-01347
-34.687693,-58.316701,MO-01391
-34.689086,-58.314915,MO-01392
-34.690560,-58.313085,MO-01393
-34.692051,-58.311197,MO-01394
-34.693043,-58.309878,MO-01395
-34.681191,-58.324206,MO-01592
-34.767484,-58.201742,MO-00534
-34.653121,-58.343550,MO-01332
-34.764536,-58.207326,MO-01695
-34.624006,-58.367307,MO-00644
-34.625194,-58.365514,MO-01247
-34.708069,-58.277240,MO-01361
-34.707169,-58.276505,MO-01362
-34.705343,-58.275014,MO-01363
-34.703359,-58.276548,MO-01364
-34.702336,-58.279392,MO-01365
-34.701683,-58.281242,MO-01366
-34.700916,-58.283452,MO-01367
-34.700214,-58.285453,MO-01368
-34.700691,-58.286483,MO-01369
-34.700170,-58.289316,MO-01370
-34.699368,-58.292760,MO-01371
-34.699178,-58.295217,MO-01372
-34.698896,-58.298221,MO-01373
-34.697833,-58.298752,MO-01374
-34.695354,-58.299004,MO-01376
-34.694459,-58.299959,MO-01377
-34.693643,-58.301010,MO-01378
-34.692752,-58.302110,MO-01379
-34.691909,-58.303161,MO-01380
-34.692889,-58.305060,MO-01381
-34.694207,-58.306552,MO-01382
-34.698296,-58.298167,MO-01418
-34.709793,-58.279064,MO-01502
-34.693969,-58.305554,MO-01398
-34.693290,-58.304830,MO-01399
-34.694238,-58.302029,MO-01400
-34.695905,-58.299900,MO-01401
-34.697149,-58.298296,MO-01402
-34.697577,-58.297572,MO-01403
-34.701410,-58.287465,MO-01408
-34.700863,-58.286478,MO-01409
-34.700947,-58.283710,MO-01410
-34.701710,-58.281489,MO-01411
-34.702340,-58.279746,MO-01412
-34.703368,-58.276843,MO-01413
-34.704766,-58.275921,MO-01414
-34.706027,-58.277010,MO-01415
-34.707407,-58.278131,MO-01416
-34.708801,-58.279263,MO-01417
-34.698867,-58.298293,MO-01404
-34.699250,-58.295461,MO-01405
-34.699462,-58.293052,MO-01406
-34.699656,-58.290467,MO-01407
-34.839881,-58.188314,MO-00075
-34.836821,-58.186936,MO-00077
-34.834562,-58.185831,MO-00078
-34.835126,-58.183685,MO-00079
-34.834435,-58.182312,MO-00080
-34.833607,-58.185074,MO-00081
-34.832268,-58.184726,MO-00082
-34.829693,-58.183508,MO-00083
-34.827442,-58.181818,MO-00084
-34.825751,-58.183722,MO-00085
-34.824518,-58.185552,MO-00086
-34.820040,-58.192729,MO-00087
-34.818155,-58.195905,MO-00088
-34.814407,-58.201967,MO-00089
-34.812773,-58.204590,MO-00090
-34.811548,-58.206553,MO-00091
-34.809676,-58.209563,MO-00092
-34.807527,-58.213077,MO-00093
-34.805069,-58.217669,MO-00094
-34.804448,-58.218811,MO-00095
-34.790422,-58.244684,MO-00104
-34.789034,-58.247291,MO-00105
-34.786946,-58.251159,MO-00106
-34.721421,-58.288608,MO-01057
-34.719578,-58.289922,MO-01058
-34.718916,-58.291038,MO-01059
-34.717814,-58.293200,MO-01060
-34.716363,-58.296102,MO-01061
-34.715415,-58.298028,MO-01062
-34.713647,-58.301563,MO-01063
-34.712492,-58.304025,MO-01064
-34.711949,-58.305286,MO-01065
-34.711407,-58.306589,MO-01066
-34.710860,-58.307839,MO-01067
-34.730305,-58.265573,MO-01076
-34.731257,-58.267558,MO-01220
-34.732165,-58.269575,MO-01221
-34.730592,-58.270749,MO-01222
-34.728982,-58.271908,MO-01223
-34.727373,-58.273180,MO-01224
-34.725587,-58.274472,MO-01225
-34.723855,-58.275636,MO-01226
-34.722312,-58.276763,MO-01227
-34.681782,-58.344221,MO-01321
-34.678821,-58.346335,MO-01322
-34.675394,-58.344253,MO-01323
-34.673012,-58.344231,MO-01324
-34.670678,-58.344113,MO-01325
-34.669636,-58.344135,MO-01326
-34.667153,-58.344060,MO-01327
-34.723048,-58.278909,MO-01608
-34.724110,-58.280872,MO-01609
-34.725160,-58.282970,MO-01610
-34.723727,-58.284107,MO-01611
-34.722695,-58.287250,MO-01613
-34.677031,-58.344408,MO-01655
-34.841449,-58.189688,MO-01504
-34.793802,-58.238477,MO-00350
-34.792528,-58.240773,MO-00351
-34.795409,-58.235467,MO-00101
-34.803232,-58.221016,MO-00402
-34.801521,-58.224160,MO-01233
-34.799909,-58.227132,MO-01234
-34.798068,-58.230517,MO-01235
-34.797332,-58.231960,MO-01260
-34.721981,-58.285343,MO-01612
-34.820207,-58.192799,MO-00306
-34.825011,-58.185101,MO-00307
-34.827438,-58.181958,MO-00308
-34.829234,-58.183465,MO-00309
-34.832026,-58.184752,MO-00310
-34.833325,-58.185380,MO-00311
-34.835161,-58.183052,MO-00313
-34.834399,-58.185477,MO-00314
-34.836447,-58.186909,MO-00315
-34.839467,-58.188282,MO-00317
-34.825817,-58.183771,MO-00926
-34.785884,-58.253406,MO-01189
-34.786959,-58.251529,MO-01190
-34.790105,-58.245606,MO-01192
-34.804391,-58.219160,MO-01198
-34.805219,-58.217626,MO-01199
-34.807263,-58.213822,MO-01200
-34.809491,-58.210089,MO-01208
-34.811266,-58.207203,MO-01209
-34.812711,-58.204896,MO-01210
-34.814689,-58.201715,MO-01211
-34.817538,-58.197085,MO-01212
-34.819079,-58.194634,MO-01724
-34.794484,-58.237428,MO-00884
-34.792030,-58.242207,MO-00103
-34.795651,-58.235394,MO-00100
-34.797143,-58.232600,MO-01232
-34.798282,-58.230551,MO-00877
-34.800084,-58.227118,MO-00883
-34.802911,-58.221947,MO-01193
-34.721319,-58.288978,MO-00954
-34.722726,-58.287041,MO-00955
-34.723568,-58.284423,MO-00957
-34.725208,-58.283222,MO-00958
-34.724327,-58.281001,MO-00959
-34.723282,-58.278989,MO-00960
-34.722259,-58.277090,MO-00961
-34.711592,-58.307077,MO-01156
-34.712135,-58.305768,MO-01157
-34.712690,-58.304508,MO-01158
-34.713766,-58.302003,MO-01159
-34.715552,-58.298457,MO-01160
-34.716721,-58.296123,MO-01161
-34.717960,-58.293661,MO-01162
-34.719529,-58.290431,MO-01163
-34.723758,-58.275958,MO-01164
-34.725482,-58.274708,MO-01165
-34.727289,-58.273394,MO-01166
-34.728854,-58.272203,MO-01167
-34.730517,-58.271002,MO-01168
-34.732179,-58.269805,MO-01169
-34.731464,-58.267686,MO-01170
-34.730552,-58.265766,MO-01171
-34.721994,-58.285574,MO-01491
-34.661289,-58.348786,MO-01282
-34.662807,-58.351489,MO-01283
-34.674362,-58.345036,MO-01289
-34.675081,-58.346023,MO-01290
-34.676638,-58.347986,MO-01291
-34.677917,-58.347434,MO-01292
-34.681914,-58.344666,MO-01294
-34.664333,-58.350384,MO-01356
-34.666310,-58.348619,MO-01357
-34.668172,-58.346854,MO-01358
-34.669967,-58.345202,MO-01359
-34.671472,-58.347348,MO-01360
-34.775517,-58.235634,MO-00029
-34.747439,-58.225286,MO-00991
-34.834584,-58.182135,MO-00312
-34.786673,-58.229492,MO-00659
-34.783501,-58.231680,MO-00660
-34.735097,-58.278763,MO-00922
-34.805316,-58.215732,MO-00975
-34.803611,-58.216510,MO-00976
-34.800374,-58.218210,MO-00977
-34.798330,-58.219771,MO-00978
-34.795625,-58.222298,MO-00979
-34.793717,-58.224546,MO-01024
-34.790700,-58.226702,MO-01025
-34.780408,-58.233858,MO-01026
-34.776707,-58.236557,MO-01027
-34.774067,-58.240140,MO-01029
-34.769313,-58.245462,MO-01031
-34.768061,-58.246771,MO-01032
-34.764827,-58.250091,MO-01034
-34.762138,-58.252655,MO-01035
-34.759635,-58.254898,MO-01036
-34.757855,-58.256507,MO-01037
-34.755695,-58.258470,MO-01038
-34.754095,-58.259903,MO-01039
-34.751715,-58.264661,MO-01040
-34.751376,-58.267279,MO-01041
-34.747951,-58.269784,MO-01042
-34.746325,-58.270884,MO-01043
-34.744989,-58.271785,MO-01044
-34.743609,-58.272718,MO-01045
-34.741965,-58.273807,MO-01046
-34.740127,-58.275089,MO-01047
-34.738434,-58.276259,MO-01048
-34.736001,-58.277991,MO-01049
-34.733223,-58.279880,MO-01050
-34.731451,-58.281253,MO-01051
-34.729811,-58.282498,MO-01052
-34.728145,-58.283812,MO-01053
-34.726399,-58.284987,MO-01054
-34.724675,-58.286247,MO-01055
-34.723013,-58.287454,MO-01056
-34.770000,-58.244759,MO-01594
-34.760633,-58.253974,MO-01319
-34.783347,-58.232260,MO-00515
-34.747740,-58.270154,MO-01545
-34.751151,-58.267826,MO-01546
-34.751847,-58.264688,MO-01547
-34.754183,-58.260149,MO-01548
-34.756277,-58.258250,MO-01549
-34.757930,-58.256759,MO-01550
-34.759380,-58.255455,MO-01551
-34.762469,-58.252773,MO-01552
-34.764708,-58.250670,MO-01553
-34.769467,-58.245703,MO-01555
-34.771309,-58.243836,MO-01556
-34.773785,-58.241100,MO-01557
-34.776288,-58.237334,MO-01558
-34.780782,-58.234009,MO-01559
-34.786519,-58.229953,MO-01560
-34.790070,-58.227561,MO-01561
-34.793400,-58.225243,MO-01562
-34.795453,-58.222861,MO-01563
-34.798114,-58.220222,MO-01564
-34.800162,-58.218591,MO-01565
-34.804334,-58.216462,MO-01566
-34.806025,-58.215598,MO-01567
-34.783726,-58.231825,MO-01595
-34.760788,-58.254166,MO-00198
-34.722894,-58.287899,MO-01531
-34.724587,-58.286633,MO-01532
-34.726324,-58.285389,MO-01533
-34.727982,-58.284069,MO-01534
-34.729736,-58.282803,MO-01535
-34.731376,-58.281505,MO-01536
-34.733060,-58.280207,MO-01537
-34.736305,-58.278018,MO-01538
-34.738342,-58.276570,MO-01539
-34.739999,-58.275433,MO-01540
-34.741771,-58.274167,MO-01541
-34.743464,-58.273029,MO-01542
-34.744892,-58.272074,MO-01543
-34.746162,-58.271195,MO-01544
-34.734859,-58.278978,MO-01516
-34.664188,-58.353930,MO-01284
-34.666032,-58.352847,MO-01285
-34.667850,-58.351146,MO-01286
-34.669734,-58.349392,MO-01287
-34.671609,-58.347654,MO-01288
-34.804025,-58.181598,MO-00294
-34.805959,-58.181212,MO-00295
-34.807232,-58.181958,MO-00296
-34.807272,-58.183701,MO-00297
-34.797819,-58.192445,MO-01126
-34.769872,-58.242495,MO-00373
-34.774896,-58.235961,MO-00633
-34.772217,-58.237973,MO-00634
-34.770767,-58.239223,MO-00635
-34.769066,-58.240601,MO-00636
-34.809267,-58.184350,MO-01009
-34.810460,-58.182923,MO-01010
-34.809553,-58.181443,MO-01117
-34.807426,-58.178830,MO-01119
-34.805977,-58.178873,MO-01120
-34.793356,-58.197976,MO-00330
-34.791713,-58.199902,MO-00331
-34.789114,-58.202407,MO-00332
-34.808509,-58.180208,MO-01118
-34.803219,-58.182161,MO-01121
-34.801973,-58.183674,MO-01122
-34.800889,-58.184978,MO-01123
-34.799347,-58.186898,MO-01124
-34.799422,-58.190455,MO-01125
-34.796030,-58.194548,MO-01127
-34.794616,-58.196393,MO-01128
-34.807294,-58.182483,MO-00116
-34.783919,-58.211360,MO-00264
-34.785558,-58.210051,MO-00265
-34.786087,-58.210850,MO-00266
-34.787162,-58.212674,MO-00267
-34.798761,-58.172940,MO-00289
-34.800338,-58.174844,MO-00290
-34.801400,-58.176110,MO-00291
-34.802717,-58.177773,MO-00292
-34.804756,-58.180225,MO-00293
-34.793166,-58.166325,MO-00502
-34.794867,-58.168257,MO-00503
-34.796621,-58.170419,MO-00504
-34.785779,-58.205808,MO-00673
-34.784726,-58.207809,MO-00674
-34.783439,-58.208823,MO-00675
-34.783074,-58.210405,MO-00847
-34.788308,-58.214498,MO-00848
-34.789713,-58.217658,MO-00849
-34.790651,-58.219439,MO-00850
-34.791889,-58.221901,MO-00851
-34.793819,-58.225785,MO-00852
-34.794951,-58.227877,MO-00853
-34.796070,-58.230184,MO-00854
-34.788277,-58.154374,MO-00873
-34.790303,-58.165392,MO-00924
-34.794471,-58.144653,MO-01107
-34.793149,-58.146665,MO-01108
-34.791872,-58.148655,MO-01109
-34.790563,-58.150522,MO-01110
-34.789361,-58.152485,MO-01111
-34.789726,-58.155613,MO-01112
-34.790453,-58.156863,MO-01113
-34.788590,-58.159990,MO-01114
-34.787444,-58.162050,MO-01115
-34.788673,-58.163643,MO-01116
-34.787585,-58.201624,MO-01130
-34.786907,-58.202755,MO-01131
-34.791929,-58.167667,MO-01713
-34.795801,-58.142669,MO-01492
-34.797111,-58.232208,MO-01191
-34.805087,-58.179912,MO-01730
-34.791599,-58.200148,MO-00273
-34.793220,-58.198233,MO-00274
-34.795889,-58.194902,MO-00275
-34.789748,-58.202965,MO-00333
-34.797726,-58.192745,MO-01657
-34.799457,-58.190739,MO-01658
-34.799272,-58.187156,MO-01659
-34.800854,-58.185230,MO-01660
-34.801951,-58.183905,MO-01661
-34.803206,-58.182365,MO-01662
-34.794599,-58.196619,MO-01729
-34.804717,-58.180043,MO-00118
-34.802933,-58.177902,MO-00119
-34.801611,-58.176287,MO-00120
-34.800537,-58.174957,MO-00121
-34.799057,-58.173133,MO-00122
-34.796867,-58.170564,MO-00123
-34.795154,-58.168455,MO-00124
-34.793471,-58.166438,MO-00125
-34.791554,-58.164089,MO-00126
-34.789753,-58.161900,MO-00127
-34.787893,-58.213307,MO-00338
-34.786149,-58.210663,MO-00339
-34.783937,-58.211226,MO-00340
-34.783267,-58.209112,MO-00797
-34.784576,-58.208125,MO-00798
-34.785783,-58.206264,MO-00799
-34.787017,-58.202932,MO-00800
-34.795123,-58.227947,MO-00808
-34.794057,-58.225946,MO-00809
-34.791894,-58.221633,MO-00810
-34.790700,-58.219272,MO-00811
-34.788801,-58.215630,MO-00812
-34.783281,-58.210496,MO-00813
-34.788642,-58.160055,MO-00899
-34.790343,-58.157217,MO-00900
-34.789457,-58.152625,MO-00903
-34.790541,-58.150839,MO-01142
-34.791863,-58.148881,MO-01143
-34.793140,-58.146912,MO-01144
-34.794449,-58.144857,MO-01145
-34.788228,-58.202251,MO-01656
-34.796970,-58.231612,MO-00102
-34.789380,-58.155142,MO-00901
-34.796121,-58.229959,MO-01261
-34.770507,-58.243359,MO-00011
-34.770102,-58.242608,MO-00012
-34.769207,-58.240923,MO-00013
-34.770639,-58.239502,MO-00026
-34.772292,-58.238166,MO-00027
-34.773151,-58.237463,MO-00028
-34.818388,-58.194794,MO-00107
-34.816252,-58.192842,MO-00108
-34.814812,-58.191544,MO-00109
-34.812288,-58.189264,MO-00111
-34.810773,-58.188100,MO-00112
-34.809417,-58.187134,MO-00113
-34.807329,-58.184431,MO-00115
-34.806078,-58.179109,MO-00117
-34.777932,-58.178471,MO-00137
-34.776962,-58.180708,MO-00138
-34.775693,-58.183486,MO-00139
-34.774980,-58.184972,MO-00140
-34.774129,-58.186710,MO-00141
-34.772785,-58.188658,MO-00142
-34.771520,-58.190181,MO-00143
-34.770172,-58.191860,MO-00144
-34.768121,-58.194361,MO-00145
-34.766942,-58.195894,MO-00146
-34.763236,-58.200352,MO-00148
-34.761636,-58.202299,MO-00149
-34.760529,-58.201812,MO-00150
-34.761010,-58.203437,MO-00151
-34.762354,-58.206102,MO-00444
-34.789422,-58.162479,MO-00482
-34.788805,-58.163509,MO-00483
-34.787783,-58.165274,MO-00484
-34.786990,-58.166927,MO-00485
-34.785655,-58.169770,MO-00486
-34.784598,-58.171594,MO-00487
-34.783576,-58.173804,MO-00488
-34.782770,-58.175274,MO-00489
-34.780549,-58.178272,MO-00491
-34.807100,-58.181040,MO-01640
-34.763862,-58.208179,MO-01641
-34.765126,-58.198019,MO-01704
-34.753077,-58.231970,MO-00175
-34.752103,-58.234180,MO-00176
-34.750481,-58.237238,MO-00177
-34.757172,-58.221370,MO-00361
-34.763064,-58.205454,MO-00446
-34.762125,-58.203657,MO-00447
-34.726222,-58.256840,MO-00557
-34.744888,-58.242710,MO-00710
-34.743072,-58.244410,MO-00711
-34.741723,-58.245628,MO-00712
-34.740369,-58.246738,MO-00713
-34.739250,-58.247672,MO-00714
-34.737222,-58.249410,MO-00715
-34.735741,-58.246942,MO-00716
-34.760005,-58.204086,MO-01642
-34.752072,-58.214922,MO-01643
-34.756277,-58.219771,MO-01644
-34.756916,-58.223060,MO-01645
-34.755074,-58.224632,MO-01646
-34.753161,-58.226107,MO-01647
-34.752204,-58.226793,MO-01648
-34.752623,-58.227941,MO-01649
-34.749309,-58.238558,MO-01663
-34.747643,-58.240156,MO-01664
-34.746100,-58.241519,MO-01665
-34.729295,-58.252022,MO-01666
-34.727726,-58.253181,MO-01667
-34.726950,-58.253728,MO-01668
-34.727629,-58.255477,MO-01669
-34.732284,-58.249887,MO-01694
-34.738262,-58.248557,MO-01518
-34.809042,-58.187011,MO-00299
-34.810500,-58.188052,MO-00300
-34.811962,-58.189119,MO-00301
-34.813204,-58.190224,MO-00302
-34.814812,-58.191689,MO-00303
-34.816208,-58.192960,MO-00304
-34.818397,-58.194972,MO-00305
-34.764285,-58.207937,MO-00445
-34.762817,-58.201184,MO-00448
-34.766766,-58.196463,MO-00450
-34.768070,-58.194880,MO-00451
-34.769114,-58.193577,MO-00452
-34.770586,-58.191769,MO-00453
-34.771432,-58.190637,MO-00454
-34.773605,-58.187869,MO-00456
-34.775671,-58.183953,MO-00457
-34.776958,-58.181196,MO-00458
-34.778240,-58.178449,MO-00459
-34.780972,-58.177854,MO-00492
-34.782717,-58.175542,MO-00493
-34.783514,-58.174147,MO-00494
-34.784616,-58.171840,MO-00495
-34.785642,-58.170011,MO-00496
-34.786977,-58.167200,MO-00497
-34.787797,-58.165516,MO-00498
-34.788717,-58.163831,MO-00499
-34.754029,-58.230495,MO-00043
-34.756343,-58.219482,MO-00360
-34.750265,-58.237726,MO-00438
-34.751627,-58.235490,MO-00439
-34.752896,-58.232673,MO-00440
-34.733536,-58.251797,MO-00552
-34.724644,-58.258127,MO-00724
-34.724190,-58.257177,MO-00725
-34.735040,-58.253197,MO-00728
-34.735437,-58.251191,MO-00729
-34.737046,-58.249801,MO-00730
-34.739179,-58.247956,MO-00731
-34.740242,-58.247017,MO-00732
-34.741661,-58.245858,MO-00733
-34.742886,-58.244807,MO-00734
-34.746117,-58.241787,MO-00736
-34.725570,-58.256190,MO-00772
-34.727210,-58.254957,MO-00773
-34.728819,-58.253696,MO-00774
-34.730614,-58.252366,MO-00775
-34.732813,-58.250724,MO-00776
-34.729551,-58.253202,MO-00910
-34.752826,-58.228118,MO-00911
-34.753073,-58.226337,MO-00912
-34.754981,-58.224894,MO-00913
-34.756955,-58.223371,MO-00914
-34.758071,-58.220978,MO-00915
-34.754950,-58.218108,MO-00916
-34.752579,-58.215716,MO-00917
-34.757515,-58.207331,MO-00918
-34.759305,-58.205304,MO-00919
-34.760618,-58.204086,MO-00920
-34.761663,-58.206151,MO-00921
-34.762535,-58.207766,MO-00923
-34.724904,-58.260266,MO-01218
-34.744984,-58.242816,MO-00735
-34.781672,-58.170998,MO-00462
-34.823602,-58.169780,MO-00481
-34.788833,-58.160398,MO-00128
-34.787678,-58.160865,MO-00129
-34.786523,-58.162807,MO-00130
-34.785695,-58.164116,MO-00131
-34.783946,-58.166873,MO-00132
-34.781783,-58.170446,MO-00134
-34.780734,-58.172296,MO-00135
-34.779148,-58.175563,MO-00136
-34.721800,-58.254833,MO-00399
-34.722263,-58.255740,MO-00400
-34.723202,-58.257682,MO-00401
-34.825782,-58.169598,MO-00469
-34.827363,-58.171481,MO-00470
-34.828133,-58.172479,MO-00471
-34.829776,-58.174405,MO-00472
-34.830414,-58.176218,MO-00473
-34.827319,-58.181164,MO-00474
-34.725305,-58.250874,MO-01146
-34.779183,-58.175842,MO-00460
-34.780857,-58.172409,MO-00461
-34.782695,-58.169281,MO-00463
-34.783867,-58.167393,MO-00464
-34.785655,-58.164593,MO-00465
-34.786466,-58.163209,MO-00466
-34.787863,-58.160897,MO-00468
-34.827332,-58.181346,MO-00475
-34.830102,-58.176942,MO-00476
-34.829961,-58.174458,MO-00477
-34.828411,-58.172602,MO-00478
-34.827389,-58.171374,MO-00479
-34.825963,-58.169652,MO-00480
-34.782880,-58.168600,MO-00133
-34.778214,-58.257891,MO-00003
-34.777456,-58.256469,MO-00004
-34.775993,-58.253744,MO-00005
-34.775213,-58.252189,MO-00006
-34.774499,-58.250767,MO-00007
-34.773636,-58.249061,MO-00008
-34.772596,-58.247248,MO-00009
-34.771578,-58.245327,MO-00010
-34.768194,-58.239062,MO-00014
-34.767189,-58.237190,MO-00015
-34.766250,-58.235554,MO-00016
-34.765276,-58.233928,MO-00017
-34.764602,-58.232630,MO-00018
-34.763377,-58.230350,MO-00019
-34.761826,-58.227351,MO-00020
-34.754197,-58.230007,MO-00174
-34.761557,-58.224503,MO-00386
-34.759741,-58.225694,MO-00387
-34.757753,-58.227239,MO-00388
-34.755902,-58.228698,MO-00389
-34.749176,-58.236122,MO-00178
-34.747757,-58.233440,MO-00390
-34.746667,-58.234079,MO-01204
-34.745481,-58.232046,MO-01203
-34.744317,-58.229671,MO-00391
-34.761544,-58.227206,MO-00365
-34.763042,-58.229969,MO-00366
-34.764399,-58.232490,MO-00367
-34.765118,-58.233864,MO-00368
-34.766136,-58.235720,MO-00369
-34.766920,-58.237115,MO-00370
-34.767947,-58.238965,MO-00371
-34.768907,-58.240698,MO-00372
-34.771344,-58.245236,MO-00374
-34.772344,-58.247103,MO-00375
-34.773530,-58.249297,MO-00376
-34.774261,-58.250687,MO-00377
-34.775006,-58.252038,MO-00378
-34.775804,-58.253578,MO-00379
-34.776905,-58.255654,MO-00380
-34.778059,-58.257735,MO-00381
-34.779320,-58.259962,MO-00382
-34.756255,-58.230103,MO-00441
-34.758207,-58.228590,MO-00442
-34.760107,-58.227153,MO-00443
-34.745289,-58.231965,MO-00431
-34.746497,-58.234169,MO-00432
-34.747907,-58.236739,MO-00433
-34.746505,-58.237833,MO-00434
-34.747378,-58.239748,MO-00435
-34.748436,-58.241014,MO-00436
-34.749137,-58.239046,MO-00437
-34.744654,-58.231133,MO-00973
-34.791312,-58.207589,MO-00270
-34.792369,-58.209128,MO-00669
-34.791964,-58.205835,MO-00271
-34.808941,-58.227904,MO-00505
-34.807809,-58.226600,MO-00506
-34.806769,-58.225517,MO-00507
-34.805228,-58.223827,MO-00508
-34.803347,-58.221729,MO-00509
-34.774786,-58.207374,MO-00527
-34.801440,-58.219578,MO-00664
-34.798828,-58.216848,MO-00665
-34.797770,-58.215635,MO-00666
-34.795911,-58.213490,MO-00667
-34.793687,-58.210700,MO-00668
-34.789642,-58.204091,MO-00670
-34.788779,-58.203651,MO-00671
-34.787202,-58.202750,MO-00672
-34.781897,-58.210003,MO-00676
-34.780377,-58.211124,MO-00677
-34.778104,-58.212921,MO-00678
-34.776954,-58.211263,MO-00679
-34.775896,-58.209230,MO-00680
-34.772516,-58.208823,MO-00681
-34.771529,-58.210266,MO-00682
-34.769886,-58.211725,MO-00683
-34.767938,-58.213189,MO-00684
-34.765104,-58.215399,MO-00685
-34.809981,-58.229019,MO-01722
-34.731500,-58.247677,MO-00549
-34.732333,-58.249351,MO-00550
-34.732902,-58.250467,MO-00551
-34.732209,-58.253664,MO-00553
-34.731081,-58.254549,MO-00554
-34.729507,-58.254372,MO-00555
-34.727933,-58.255536,MO-00556
-34.773926,-58.210486,MO-00525
-34.775566,-58.209220,MO-00526
-34.789951,-58.244662,MO-00510
-34.787739,-58.240548,MO-00512
-34.786087,-58.237426,MO-00513
-34.781990,-58.230001,MO-00516
-34.781117,-58.228306,MO-00517
-34.780311,-58.226783,MO-00518
-34.778756,-58.223832,MO-00519
-34.777152,-58.220834,MO-00520
-34.775887,-58.218387,MO-00521
-34.773362,-58.213549,MO-00523
-34.772419,-58.211719,MO-00524
-34.773627,-58.205159,MO-00528
-34.772684,-58.203287,MO-00529
-34.771075,-58.202991,MO-00530
-34.769538,-58.203169,MO-00531
-34.769040,-58.202203,MO-00532
-34.768185,-58.200653,MO-00533
-34.774839,-58.216188,MO-00539
-34.784876,-58.235237,MO-00514
-34.788779,-58.242425,MO-00511
-34.779425,-58.212052,MO-00261
-34.791171,-58.207637,MO-00335
-34.797814,-58.215893,MO-00763
-34.798625,-58.216842,MO-00764
-34.799968,-58.218420,MO-00765
-34.801202,-58.219519,MO-00766
-34.802942,-58.221456,MO-00767
-34.805038,-58.223773,MO-00768
-34.806276,-58.225152,MO-00769
-34.807558,-58.226579,MO-00770
-34.808778,-58.227904,MO-00771
-34.763782,-58.216365,MO-00787
-34.765558,-58.216799,MO-00788
-34.767493,-58.215276,MO-00789
-34.769352,-58.213812,MO-00790
-34.771283,-58.212433,MO-00791
-34.776592,-58.210829,MO-00793
-34.777614,-58.212765,MO-00794
-34.780227,-58.211446,MO-00795
-34.781800,-58.210271,MO-00796
-34.788594,-58.203694,MO-00801
-34.789563,-58.204257,MO-00802
-34.791916,-58.205550,MO-00803
-34.792440,-58.209402,MO-00804
-34.794043,-58.211360,MO-00805
-34.795554,-58.213286,MO-00806
-34.766056,-58.203244,MO-00562
-34.765527,-58.202283,MO-00563
-34.766268,-58.200336,MO-00564
-34.770317,-58.205051,MO-00830
-34.771009,-58.200631,MO-00831
-34.772486,-58.203163,MO-01572
-34.773252,-58.204676,MO-01573
-34.774552,-58.207117,MO-01574
-34.772499,-58.212122,MO-01575
-34.773411,-58.213876,MO-01576
-34.774402,-58.215812,MO-01577
-34.775777,-58.218414,MO-01578
-34.776984,-58.220726,MO-01579
-34.778482,-58.223559,MO-01580
-34.780100,-58.226616,MO-01581
-34.782104,-58.230388,MO-01584
-34.784946,-58.235666,MO-01586
-34.786294,-58.238177,MO-01587
-34.787620,-58.240633,MO-01588
-34.788612,-58.242409,MO-01589
-34.780950,-58.228199,MO-01705
-34.783726,-58.233445,MO-01517
-34.789951,-58.244973,MO-01590
-34.783439,-58.209026,MO-00814
-34.782342,-58.206956,MO-00815
-34.781324,-58.205025,MO-00816
-34.780619,-58.203651,MO-00817
-34.780130,-58.202723,MO-00818
-34.778165,-58.199107,MO-00819
-34.776103,-58.198088,MO-00820
-34.774433,-58.195465,MO-00821
-34.771811,-58.197171,MO-00822
-34.770203,-58.198437,MO-00823
-34.750358,-58.211687,MO-00826
-34.751733,-58.211730,MO-00828
-34.749049,-58.209402,MO-00825
-34.750671,-58.209949,MO-00827
-34.770423,-58.198459,MO-00832
-34.771710,-58.197450,MO-00833
-34.774975,-58.195664,MO-00834
-34.775777,-58.198072,MO-00835
-34.777826,-58.199097,MO-00836
-34.779923,-58.202627,MO-00842
-34.780426,-58.203587,MO-00843
-34.781113,-58.204880,MO-00844
-34.782139,-58.206875,MO-00845
-34.783223,-58.208925,MO-00846
-34.752886,-58.214189,MO-00147
-34.769281,-58.197376,MO-00956
-34.778817,-58.226091,MO-00661
-34.776826,-58.227362,MO-00662
-34.772516,-58.230210,MO-00663
-34.792722,-58.215373,MO-00686
-34.789929,-58.217443,MO-00687
-34.785506,-58.220973,MO-00688
-34.783091,-58.222818,MO-00689
-34.768771,-58.232549,MO-00690
-34.765400,-58.234668,MO-00691
-34.763672,-58.235248,MO-00692
-34.759772,-58.236068,MO-00693
-34.758234,-58.235843,MO-00694
-34.757110,-58.233714,MO-00695
-34.755995,-58.231589,MO-00696
-34.751896,-58.238338,MO-00697
-34.751861,-58.241073,MO-00698
-34.754197,-58.242286,MO-00699
-34.755545,-58.242838,MO-00700
-34.754183,-58.245065,MO-00701
-34.755484,-58.246513,MO-00702
-34.754461,-58.248074,MO-00703
-34.755069,-58.248975,MO-00704
-34.754554,-58.249581,MO-00705
-34.753315,-58.248412,MO-00706
-34.751239,-58.246379,MO-00707
-34.748991,-58.244179,MO-00708
-34.747219,-58.242420,MO-00709
-34.734731,-58.245124,MO-00717
-34.733982,-58.243718,MO-00718
-34.755395,-58.233038,MO-00044
-34.756524,-58.235242,MO-00045
-34.757771,-58.237479,MO-00046
-34.758692,-58.237340,MO-00750
-34.759842,-58.236406,MO-00751
-34.763650,-58.235537,MO-00752
-34.766025,-58.234663,MO-00753
-34.768894,-58.232839,MO-00754
-34.773226,-58.230012,MO-00755
-34.777064,-58.227603,MO-00756
-34.779469,-58.226101,MO-00757
-34.782871,-58.223516,MO-00758
-34.785417,-58.221552,MO-00759
-34.789585,-58.218237,MO-00760
-34.792202,-58.216242,MO-00761
-34.795577,-58.213699,MO-00762
-34.723242,-58.255343,MO-00726
-34.722752,-58.254415,MO-00727
-34.747136,-58.242559,MO-00737
-34.748767,-58.244169,MO-00738
-34.750759,-58.246148,MO-00739
-34.752901,-58.248246,MO-00740
-34.754562,-58.249769,MO-00741
-34.755144,-58.249136,MO-00742
-34.754580,-58.248246,MO-00743
-34.755554,-58.246722,MO-00744
-34.754280,-58.245209,MO-00745
-34.755638,-58.243026,MO-00746
-34.754408,-58.242221,MO-00747
-34.751989,-58.241186,MO-00748
-34.750508,-58.240693,MO-00749
-34.719979,-58.291242,MO-01614
-34.721240,-58.293736,MO-01615
-34.722320,-58.295978,MO-01616
-34.721641,-58.297663,MO-01617
-34.719291,-58.300404,MO-01618
-34.718374,-58.301429,MO-01619
-34.716024,-58.304154,MO-01620
-34.716756,-58.305377,MO-01621
-34.718528,-58.307480,MO-01622
-34.720301,-58.309647,MO-01623
-34.722100,-58.311760,MO-01624
-34.723625,-58.313649,MO-01625
-34.721769,-58.316283,MO-01626
-34.720649,-58.318171,MO-01627
-34.722695,-58.320542,MO-01628
-34.723696,-58.321669,MO-01629
-34.724931,-58.323095,MO-01630
-34.725962,-58.323905,MO-01631
-34.727303,-58.322157,MO-01632
-34.728881,-58.320150,MO-01633
-34.729789,-58.321062,MO-01634
-34.730865,-58.322253,MO-01635
-34.733607,-58.325579,MO-01636
-34.735009,-58.327285,MO-01637
-34.736772,-58.329302,MO-01638
-34.768577,-58.257430,MO-00161
-34.749035,-58.227898,MO-00182
-34.777390,-58.264259,MO-00155
-34.773142,-58.266608,MO-00156
-34.772129,-58.264822,MO-00157
-34.771344,-58.263191,MO-00158
-34.770622,-58.261635,MO-00159
-34.769463,-58.259248,MO-00160
-34.767585,-58.255654,MO-00162
-34.766700,-58.253894,MO-00163
-34.765990,-58.252457,MO-00164
-34.765078,-58.250896,MO-00165
-34.763593,-58.248074,MO-00166
-34.762495,-58.246019,MO-00167
-34.761548,-58.244276,MO-00168
-34.760239,-58.241798,MO-00169
-34.759446,-58.240306,MO-00170
-34.758075,-58.237871,MO-00171
-34.756762,-58.235478,MO-00172
-34.755594,-58.233338,MO-00173
-34.749357,-58.233987,MO-00179
-34.751164,-58.232614,MO-00180
-34.750093,-58.230146,MO-00181
-34.747700,-58.225538,MO-00183
-34.746117,-58.222936,MO-00184
-34.744848,-58.220555,MO-00185
-34.743521,-58.221118,MO-00186
-34.741709,-58.222212,MO-00187
-34.740034,-58.222475,MO-00188
-34.738439,-58.223156,MO-00189
-34.738959,-58.224637,MO-00190
-34.739386,-58.225399,MO-00191
-34.740572,-58.227528,MO-00192
-34.741740,-58.229712,MO-00193
-34.743927,-58.229379,MO-00195
-34.723361,-58.261260,MO-01598
-34.721218,-58.261828,MO-01599
-34.720429,-58.262402,MO-01600
-34.718894,-58.263540,MO-01601
-34.719953,-58.268030,MO-01602
-34.718498,-58.269682,MO-01603
-34.719252,-58.271216,MO-01604
-34.720107,-58.272981,MO-01605
-34.721081,-58.274939,MO-01606
-34.722016,-58.276913,MO-01607
-34.776242,-58.265482,MO-00522
-34.774288,-58.266920,MO-00114
-34.736874,-58.329142,MO-00927
-34.723731,-58.313343,MO-00938
-34.751160,-58.234738,MO-00039
-34.751389,-58.232678,MO-00040
-34.751191,-58.230774,MO-00041
-34.753183,-58.229304,MO-00042
-34.759450,-58.240408,MO-00047
-34.760173,-58.241953,MO-00048
-34.761464,-58.244340,MO-00049
-34.762606,-58.246470,MO-00050
-34.763425,-58.247967,MO-00051
-34.764624,-58.250231,MO-00052
-34.766501,-58.253760,MO-00053
-34.767528,-58.255692,MO-00054
-34.768480,-58.257510,MO-00055
-34.769278,-58.259157,MO-00056
-34.770384,-58.261405,MO-00057
-34.771172,-58.263009,MO-00058
-34.771952,-58.264698,MO-00059
-34.774112,-58.267188,MO-00060
-34.776509,-58.265471,MO-00061
-34.721284,-58.275132,MO-00962
-34.720380,-58.273196,MO-00963
-34.719472,-58.271302,MO-00964
-34.718581,-58.269500,MO-00965
-34.720032,-58.268212,MO-00966
-34.721659,-58.266346,MO-00967
-34.720151,-58.265648,MO-00968
-34.719595,-58.263234,MO-00969
-34.720469,-58.262579,MO-00970
-34.743252,-58.228569,MO-00980
-34.741921,-58.229717,MO-00981
-34.740766,-58.227695,MO-00982
-34.739580,-58.225549,MO-00983
-34.739020,-58.224567,MO-00984
-34.738350,-58.223333,MO-00985
-34.740043,-58.222566,MO-00986
-34.741608,-58.222378,MO-00987
-34.743402,-58.221306,MO-00988
-34.744698,-58.220506,MO-00989
-34.745928,-58.222797,MO-00990
-34.748903,-58.228076,MO-00992
-34.750005,-58.230253,MO-00993
-34.749066,-58.230983,MO-00994
-34.748352,-58.231546,MO-00995
-34.749340,-58.233864,MO-00996
-34.750552,-58.236224,MO-00997
-34.765950,-58.252650,MO-00998
-34.735309,-58.327323,MO-00928
-34.733902,-58.325665,MO-00929
-34.732791,-58.324340,MO-00930
-34.730049,-58.321073,MO-00931
-34.725808,-58.323873,MO-00932
-34.723877,-58.321695,MO-00933
-34.722911,-58.320580,MO-00934
-34.721840,-58.319421,MO-00935
-34.720632,-58.317962,MO-00936
-34.721959,-58.316240,MO-00937
-34.722426,-58.311868,MO-00939
-34.720517,-58.309668,MO-00940
-34.718740,-58.307533,MO-00941
-34.716676,-58.305012,MO-00942
-34.715257,-58.303392,MO-00943
-34.716593,-58.301568,MO-00944
-34.718299,-58.303542,MO-00945
-34.719199,-58.302737,MO-00946
-34.720830,-58.300892,MO-00947
-34.722461,-58.299009,MO-00948
-34.723251,-58.298044,MO-00949
-34.722585,-58.296198,MO-00950
-34.721597,-58.294122,MO-00951
-34.720627,-58.292180,MO-00952
-34.719666,-58.290217,MO-00953
-34.727355,-58.321829,MO-01690
-34.725104,-58.323128,MO-01306
-34.760600,-58.188524,MO-00570
-34.761204,-58.187778,MO-00571
-34.766471,-58.181105,MO-00577
-34.776024,-58.189725,MO-00584
-34.798603,-58.198072,MO-00596
-34.758564,-58.203077,MO-00874
-34.757815,-58.201731,MO-00875
-34.757361,-58.194692,MO-00879
-34.758996,-58.196270,MO-00880
-34.758956,-58.194515,MO-00881
-34.760847,-58.191844,MO-00882
-34.792193,-58.204359,MO-00999
-34.793726,-58.201329,MO-01000
-34.795286,-58.199038,MO-01001
-34.797317,-58.196597,MO-01002
-34.755021,-58.196334,MO-01134
-34.753972,-58.194349,MO-01135
-34.816926,-58.188390,MO-01493
-34.815653,-58.186576,MO-01494
-34.814279,-58.185149,MO-01495
-34.813209,-58.183830,MO-01496
-34.811738,-58.184216,MO-01498
-34.810632,-58.182811,MO-01499
-34.809302,-58.184119,MO-01500
-34.768969,-58.183905,MO-01691
-34.767872,-58.185343,MO-01692
-34.766625,-58.186877,MO-01693
-34.757198,-58.200465,MO-01689
-34.756193,-58.198518,MO-01688
-34.755808,-58.192911,MO-01685
-34.762883,-58.185670,MO-01596
-34.764033,-58.184248,MO-01585
-34.765254,-58.182693,MO-01583
-34.766673,-58.189082,MO-01458
-34.767594,-58.190691,MO-01459
-34.768863,-58.189886,MO-01460
-34.770542,-58.188711,MO-01467
-34.771961,-58.187617,MO-01435
-34.817913,-58.189685,MO-01197
-34.800973,-58.201012,MO-00252
-34.803810,-58.204413,MO-00421
-34.805307,-58.206145,MO-00422
-34.809219,-58.204197,MO-00427
-34.810673,-58.202856,MO-00428
-34.812849,-58.200903,MO-00429
-34.813958,-58.199857,MO-00449
-34.817146,-58.191713,MO-00455
-34.779573,-58.193967,MO-01214
-34.777694,-58.191757,MO-01215
-34.781333,-58.196151,MO-01216
-34.783466,-58.198710,MO-01273
-34.786594,-58.201252,MO-01336
-34.816477,-58.192790,MO-01497
-34.767268,-58.219519,MO-00349
-34.765404,-58.198239,MO-00565
-34.763888,-58.195353,MO-00566
-34.762531,-58.193266,MO-00567
-34.760979,-58.191710,MO-00568
-34.759463,-58.190101,MO-00569
-34.760689,-58.225275,MO-00021
-34.759490,-58.223006,MO-00022
-34.758454,-58.221043,MO-00023
-34.759393,-58.218189,MO-00024
-34.760534,-58.215765,MO-00025
-34.760107,-58.214262,MO-00250
-34.788788,-58.186083,MO-00324
-34.789982,-58.187526,MO-00325
-34.792132,-58.190176,MO-00326
-34.793550,-58.191893,MO-00327
-34.794832,-58.193411,MO-00328
-34.773156,-58.186652,MO-00583
-34.777064,-58.188754,MO-00585
-34.778905,-58.186544,MO-00586
-34.781333,-58.181732,MO-00588
-34.782703,-58.183052,MO-00589
-34.783730,-58.184286,MO-00590
-34.785052,-58.185895,MO-00591
-34.786611,-58.185718,MO-00592
-34.787479,-58.184683,MO-00593
-34.795885,-58.194612,MO-00594
-34.797264,-58.196377,MO-00595
-34.800189,-58.196860,MO-00597
-34.802378,-58.190696,MO-01006
-34.803179,-58.188899,MO-01007
-34.804246,-58.187301,MO-01008
-34.780174,-58.183186,MO-01519
-34.801255,-58.192282,MO-00076
-34.802641,-58.194024,MO-00582
-34.785872,-58.186812,MO-00885
-34.767845,-58.185568,MO-00575
-34.769031,-58.184136,MO-00576
-34.797598,-58.196608,MO-00615
-34.760755,-58.191640,MO-00637
-34.804298,-58.187054,MO-01506
-34.802396,-58.190439,MO-01507
-34.801118,-58.192070,MO-01508
-34.761240,-58.187504,MO-01696
-34.760645,-58.188293,MO-01697
-34.759362,-58.189913,MO-01698
-34.765316,-58.182419,MO-01582
-34.764078,-58.183937,MO-01571
-34.762919,-58.185402,MO-01554
-34.806985,-58.184270,MO-01501
-34.772102,-58.187295,MO-01445
-34.770533,-58.188508,MO-01446
-34.768978,-58.189677,MO-01454
-34.766894,-58.189248,MO-01455
-34.766620,-58.187252,MO-01456
-34.767757,-58.190578,MO-01457
-34.767629,-58.182106,MO-00194
-34.766620,-58.180974,MO-00196
-34.759265,-58.222888,MO-00363
-34.760429,-58.225098,MO-00364
-34.761050,-58.215952,MO-00648
-34.759609,-58.218221,MO-00649
-34.758353,-58.220850,MO-00650
-34.794859,-58.193315,MO-00276
-34.793810,-58.192027,MO-00277
-34.792255,-58.189993,MO-00278
-34.790123,-58.187585,MO-00279
-34.788934,-58.186121,MO-00280
-34.787642,-58.184570,MO-00281
-34.780135,-58.184699,MO-00587
-34.796110,-58.194720,MO-00616
-34.785153,-58.185761,MO-00617
-34.783911,-58.184296,MO-00618
-34.782884,-58.183084,MO-00619
-34.781598,-58.181496,MO-00620
-34.780144,-58.182982,MO-01515
-34.776174,-58.189613,MO-01684
-34.778976,-58.186244,MO-01700
-34.777112,-58.188502,MO-01701
-34.762302,-58.193175,MO-01702
-34.763747,-58.195369,MO-01703
-34.798968,-58.198164,MO-01719
-34.786673,-58.185418,MO-01720
-34.800167,-58.196644,MO-01196
-34.785996,-58.186633,MO-01201
-34.761321,-58.206563,MO-01320
-34.758807,-58.208552,MO-01342
-34.795788,-58.194875,MO-00329
-34.798673,-58.195213,MO-01003
-34.799845,-58.193754,MO-01004
-34.801078,-58.192306,MO-01005
-34.786950,-58.238461,MO-00651
-34.789850,-58.236181,MO-00653
-34.792004,-58.234502,MO-00654
-34.793259,-58.233660,MO-00655
-34.792251,-58.231375,MO-00656
-34.791387,-58.229717,MO-00657
-34.790422,-58.227764,MO-00658
-34.788096,-58.237559,MO-01299
-34.790184,-58.203110,MO-00272
-34.799898,-58.193513,MO-01509
-34.798709,-58.194950,MO-01510
-34.795330,-58.198802,MO-01512
-34.793700,-58.200996,MO-01513
-34.792453,-58.204252,MO-01514
-34.791250,-58.229620,MO-01706
-34.792110,-58.231278,MO-01707
-34.793233,-58.233483,MO-01708
-34.792074,-58.234314,MO-01709
-34.789938,-58.235972,MO-01710
-34.788167,-58.237345,MO-01711
-34.786801,-58.238397,MO-01712
-34.790272,-58.227721,MO-01721
-34.785733,-58.253316,MO-00298
-34.797493,-58.196415,MO-01511
-34.778553,-58.192558,MO-00625
-34.777412,-58.191184,MO-00626
-34.758887,-58.194409,MO-00638
-34.760283,-58.196130,MO-00639
-34.759151,-58.196205,MO-00640
-34.757485,-58.194639,MO-00641
-34.811570,-58.184157,MO-01011
-34.813077,-58.183948,MO-01013
-34.814098,-58.185085,MO-01014
-34.815213,-58.186544,MO-01015
-34.816728,-58.188363,MO-01016
-34.818014,-58.189999,MO-01017
-34.753835,-58.194462,MO-01136
-34.754783,-58.196098,MO-01137
-34.757559,-58.201495,MO-01138
-34.758503,-58.203297,MO-01139
-34.756722,-58.204826,MO-01140
-34.757577,-58.206811,MO-01141
-34.755947,-58.192911,MO-01673
-34.756039,-58.198512,MO-01670
-34.757013,-58.200422,MO-01639
-34.817084,-58.191413,MO-00467
-34.813332,-58.199910,MO-00490
-34.810843,-58.202399,MO-00501
-34.808570,-58.204331,MO-00535
-34.805721,-58.206299,MO-00536
-34.804038,-58.204314,MO-00537
-34.801351,-58.201042,MO-00538
-34.799237,-58.198413,MO-00572
-34.786739,-58.201126,MO-01337
-34.783712,-58.198750,MO-01338
-34.781593,-58.196180,MO-01339
-34.779835,-58.194083,MO-01340
-34.777852,-58.191706,MO-01341
-34.776213,-58.189727,MO-01343
-34.816332,-58.192768,MO-01012
-34.773671,-58.194274,MO-00891
-34.792713,-58.142921,MO-00867
-34.794951,-58.175113,MO-00318
-34.793880,-58.176427,MO-00319
-34.792863,-58.177629,MO-00320
-34.791841,-58.178846,MO-00321
-34.790907,-58.180016,MO-00322
-34.787814,-58.184066,MO-00323
-34.784682,-58.187842,MO-00621
-34.783118,-58.189715,MO-00622
-34.780954,-58.192365,MO-00623
-34.779721,-58.193845,MO-00624
-34.776478,-58.192214,MO-00627
-34.773856,-58.194290,MO-00628
-34.772772,-58.194339,MO-00629
-34.771855,-58.192901,MO-00630
-34.772626,-58.191646,MO-00890
-34.793647,-58.169770,MO-01714
-34.795418,-58.171905,MO-01715
-34.796088,-58.173718,MO-01716
-34.793986,-58.140984,MO-00866
-34.791400,-58.144954,MO-00868
-34.790131,-58.146826,MO-00869
-34.788810,-58.149111,MO-00870
-34.788290,-58.149868,MO-00871
-34.789255,-58.152571,MO-00872
-34.794550,-58.155495,MO-01020
-34.795330,-58.154808,MO-01021
-34.796233,-58.155838,MO-01022
-34.798594,-58.160746,MO-01023
-34.797352,-58.159046,MO-01420
-34.797074,-58.157115,MO-01421
-34.793343,-58.155404,MO-00578
-34.790907,-58.180128,MO-00282
-34.791704,-58.179168,MO-00283
-34.792757,-58.177913,MO-00284
-34.793819,-58.176631,MO-00285
-34.794885,-58.175316,MO-00286
-34.796013,-58.173991,MO-00287
-34.789664,-58.162211,MO-00500
-34.777945,-58.195428,MO-00861
-34.780941,-58.192585,MO-00863
-34.783104,-58.189977,MO-00864
-34.784611,-58.188127,MO-00865
-34.768810,-58.199231,MO-00888
-34.771758,-58.193040,MO-00889
-34.774521,-58.194634,MO-00892
-34.776905,-58.193470,MO-00893
-34.795634,-58.171964,MO-00894
-34.793832,-58.169802,MO-00895
-34.792198,-58.167634,MO-00896
-34.790506,-58.165435,MO-00897
-34.788907,-58.163660,MO-00898
-34.763544,-58.210469,MO-01206
-34.765060,-58.207208,MO-01205
-34.767069,-58.203040,MO-01195
-34.788352,-58.150061,MO-00904
-34.788792,-58.149363,MO-00905
-34.790123,-58.147067,MO-00906
-34.791356,-58.145211,MO-00907
-34.792691,-58.143141,MO-00908
-34.794061,-58.141043,MO-00909
-34.793251,-58.155597,MO-01019
-34.794405,-58.155656,MO-01422
-34.795189,-58.154894,MO-01423
-34.796065,-58.155870,MO-01424
-34.796982,-58.156949,MO-01425
-34.797127,-58.158966,MO-01426
-34.797951,-58.161020,MO-01427
-34.795422,-58.159465,MO-01443
-34.792267,-58.157479,MO-01444
-34.790779,-58.154175,MO-00902
-34.792114,-58.151911,MO-01267
-34.793070,-58.150211,MO-01266
-34.791977,-58.148811,MO-01265
-34.790250,-58.146944,MO-01264
-34.754937,-58.109066,MO-01263
-34.754783,-58.109109,MO-01262
-34.790013,-58.146928,MO-01246
-34.791757,-58.148763,MO-01240
-34.851777,-58.185836,MO-00207
-34.857711,-58.183626,MO-00208
-34.862553,-58.181781,MO-00209
-34.865986,-58.180386,MO-00210
-34.870141,-58.178455,MO-00211
-34.872993,-58.177510,MO-00212
-34.877288,-58.175740,MO-00213
-34.879863,-58.174689,MO-00214
-34.883762,-58.174034,MO-00215
-34.885931,-58.173734,MO-00216
-34.890507,-58.173128,MO-00217
-34.890661,-58.174909,MO-00218
-34.893046,-58.175064,MO-00219
-34.895519,-58.175011,MO-00220
-34.897978,-58.174914,MO-00221
-34.900235,-58.176700,MO-00222
-34.902039,-58.178852,MO-00223
-34.904081,-58.181228,MO-00224
-34.905994,-58.179259,MO-00225
-34.907772,-58.177232,MO-00226
-34.908634,-58.176164,MO-00227
-34.767823,-58.219246,MO-00255
-34.769088,-58.218302,MO-00256
-34.772468,-58.217347,MO-00257
-34.774402,-58.215957,MO-00258
-34.775526,-58.215051,MO-00259
-34.777729,-58.213339,MO-00260
-34.780699,-58.212245,MO-00262
-34.782836,-58.212208,MO-00263
-34.797061,-58.172683,MO-00288
-34.788920,-58.213913,MO-00268
-34.790149,-58.210647,MO-00269
-34.792048,-58.205384,MO-00334
-34.790162,-58.210319,MO-00336
-34.788933,-58.213581,MO-00337
-34.782073,-58.212696,MO-00341
-34.780549,-58.213849,MO-00342
-34.779011,-58.215040,MO-00343
-34.778007,-58.213248,MO-00344
-34.775746,-58.214777,MO-00345
-34.773072,-58.215238,MO-00346
-34.771432,-58.216456,MO-00347
-34.769225,-58.218076,MO-00348
-34.796880,-58.173493,MO-01683
-34.756718,-58.210233,MO-00355
-34.754712,-58.211778,MO-00356
-34.755625,-58.213935,MO-00357
-34.756876,-58.216360,MO-00358
-34.757877,-58.218280,MO-00359
-34.757859,-58.221037,MO-00362
-34.908599,-58.176089,MO-00228
-34.907882,-58.176963,MO-00229
-34.906087,-58.179023,MO-00230
-34.904195,-58.181180,MO-00231
-34.902083,-58.178803,MO-00232
-34.900398,-58.176818,MO-00233
-34.898150,-58.174866,MO-00234
-34.895690,-58.174898,MO-00235
-34.893213,-58.174978,MO-00236
-34.890798,-58.174957,MO-00237
-34.890859,-58.173096,MO-00238
-34.893944,-58.172038,MO-00239
-34.888839,-58.172173,MO-00240
-34.886120,-58.172586,MO-00241
-34.883383,-58.173010,MO-00242
-34.879775,-58.173632,MO-00243
-34.877649,-58.174313,MO-00244
-34.872429,-58.176588,MO-00245
-34.865731,-58.179313,MO-00246
-34.861967,-58.180912,MO-00247
-34.886147,-58.169475,MO-01679
-34.885755,-58.166143,MO-01680
-34.857702,-58.182864,MO-00248
-34.885627,-58.165939,MO-01681
-34.886010,-58.169249,MO-01682
-34.813034,-58.179881,MO-01436
-34.814003,-58.180996,MO-01437
-34.813396,-58.178582,MO-01438
-34.810092,-58.174591,MO-01439
-34.807726,-58.171674,MO-01440
-34.802310,-58.164427,MO-01441
-34.798237,-58.161418,MO-01442
-34.799051,-58.170386,MO-01433
-34.800443,-58.168589,MO-01432
-34.802363,-58.166727,MO-01428
-34.804411,-58.169125,MO-01419
-34.806336,-58.171518,MO-01375
-34.809155,-58.174962,MO-01352
-34.810261,-58.176303,MO-01351
-34.811921,-58.178330,MO-01350
-34.812872,-58.179453,MO-01349
-34.810538,-58.182634,MO-01303
-34.773672,-58.136771,MO-01345
-34.777541,-58.162632,MO-01348
-34.774080,-58.159070,MO-01353
-34.777199,-58.162535,MO-01354
-34.782559,-58.168680,MO-01355
-34.782043,-58.171376,MO-01389
-34.783390,-58.173784,MO-01396
-34.724494,-58.249345,MO-01147
-34.723952,-58.248321,MO-01148
-34.721399,-58.241197,MO-01152
-34.720623,-58.239706,MO-01153
-34.719416,-58.238389,MO-01249
-34.718331,-58.236544,MO-01250
-34.723021,-58.246516,MO-01149
-34.722492,-58.245497,MO-01150
-34.721072,-58.242761,MO-01151
-34.720252,-58.241476,MO-01650
-34.720861,-58.242629,MO-01651
-34.722294,-58.245408,MO-01652
-34.723758,-58.248251,MO-01653
-34.725244,-58.251051,MO-01654
-34.601169,-58.369277,MO-00110
-34.718041,-58.236453,MO-01251
-34.719144,-58.238363,MO-01259
-34.758238,-58.205121,MO-01132
-34.757247,-58.203270,MO-01133
-34.761464,-58.202739,MO-01678
-34.725133,-58.259125,MO-00972
-34.720513,-58.278190,MO-01228
-34.718886,-58.279418,MO-01229
-34.719737,-58.281527,MO-01230
-34.720729,-58.283388,MO-01231
-34.719248,-58.284613,MO-00838
-34.717585,-58.285874,MO-00839
-34.718392,-58.287944,MO-00855
-34.719345,-58.289967,MO-01213
-34.719944,-58.281661,MO-01674
-34.718969,-58.279729,MO-01675
-34.720433,-58.278437,MO-01676
-34.722047,-58.277208,MO-01677
-34.719472,-58.289771,MO-00316
-34.718597,-58.288022,MO-00792
-34.717697,-58.286284,MO-00807
-34.719104,-58.284868,MO-00824
-34.869247,-58.097873,LP0668
-34.863813,-58.110409,LP0763
-34.865715,-58.106053,LP0765
-34.866314,-58.104551,LP0767
-34.867211,-58.102363,LP0769
-34.868276,-58.099984,LP0771
-34.906364,-57.975100,LP2416
-34.904544,-57.977641,LP2702
-34.862744,-58.113629,LP0761
-34.861634,-58.116070,LP0759
-34.861524,-58.115875,LP0760
-34.862809,-58.113215,LP0762
-34.864192,-58.109772,LP0764
-34.865407,-58.106474,LP0766
-34.915663,-57.960348,LP1324
-34.911841,-57.956335,LP1328
-34.907895,-57.972901,LP1501
-34.914638,-57.963824,LP1515
-34.763082,-58.205449,LP18183
-34.758759,-58.208641,LP18185
-34.759578,-58.210776,LP18186
-34.760883,-58.213260,LP18187
-34.762443,-58.211516,LP18188
-34.763954,-58.213554,LP18189
-34.764880,-58.215362,LP18190
-34.766039,-58.217637,LP18191
-34.767132,-58.219729,LP18192
-34.768388,-58.222089,LP18193
-34.769859,-58.224680,LP18194
-34.771296,-58.227497,LP18195
-34.773059,-58.230141,LP18196
-34.776659,-58.227853,LP18197
-34.779646,-58.225944,LP18198
-34.783019,-58.223406,LP18199
-34.785420,-58.221513,LP18200
-34.789812,-58.217441,LP18201
-34.788935,-58.215773,LP18202
-34.788933,-58.213978,LP18203
-34.790180,-58.210709,LP18204
-34.791358,-58.207655,LP18205
-34.792071,-58.205740,LP18206
-34.789908,-58.202918,LP18207
-34.787609,-58.201610,LP18208
-34.786824,-58.202763,LP18209
-34.785752,-58.205842,LP18210
-34.784722,-58.207757,LP18211
-34.782162,-58.209731,LP18212
-34.780963,-58.208186,LP18213
-34.783510,-58.206014,LP18214
-34.782699,-58.203875,LP18215
-34.781787,-58.202384,LP18216
-34.780571,-58.200115,LP18217
-34.778271,-58.195603,LP18218
-34.779673,-58.194241,LP18219
-34.780849,-58.192776,LP18220
-34.783083,-58.190024,LP18221
-34.784907,-58.187857,LP18222
-34.786621,-58.185733,LP18223
-34.787868,-58.184209,LP18224
-34.790806,-58.180283,LP18225
-34.791767,-58.179188,LP18226
-34.792771,-58.177971,LP18227
-34.793811,-58.176683,LP18228
-34.794890,-58.175390,LP18229
-34.796026,-58.174058,LP18230
-34.797506,-58.174428,LP18231
-34.801369,-58.176182,LP18233
-34.802295,-58.177239,LP18234
-34.804563,-58.180039,LP18235
-34.805206,-58.181397,LP18236
-34.807200,-58.183381,LP18237
-34.809037,-58.187094,LP18238
-34.810451,-58.188022,LP18239
-34.811966,-58.189148,LP18240
-34.816150,-58.192925,LP18241
-34.818445,-58.195073,LP18242
-34.824906,-58.185398,LP18244
-34.827091,-58.181909,LP18245
-34.843573,-58.156357,LP18261
-34.902612,-57.980178,LP2704
-34.908677,-57.971512,LP11501
-34.907019,-57.973760,LP11502
-34.915805,-57.961722,LP1325
-34.827251,-58.181127,LP18120
-34.825860,-58.183370,LP18121
-34.824433,-58.185440,LP18122
-34.819827,-58.193122,LP18123
-34.818418,-58.194804,LP18124
-34.816405,-58.193010,LP18125
-34.812239,-58.189135,LP18126
-34.810583,-58.187923,LP18127
-34.809358,-58.187043,LP18128
-34.807360,-58.183888,LP18130
-34.807207,-58.181335,LP18131
-34.806048,-58.178986,LP18132
-34.796079,-58.173718,LP18133
-34.794960,-58.175080,LP18134
-34.793864,-58.176330,LP18135
-34.792850,-58.177612,LP18136
-34.791793,-58.178852,LP18137
-34.790868,-58.180037,LP18138
-34.786750,-58.185348,LP18140
-34.784715,-58.187762,LP18141
-34.783155,-58.189640,LP18142
-34.780979,-58.192306,LP18143
-34.779744,-58.193759,LP18144
-34.778166,-58.195272,LP18145
-34.787806,-58.184028,LP18146
-34.804644,-58.179761,LP18147
-34.802741,-58.177432,LP18148
-34.801675,-58.176134,LP18149
-34.799120,-58.172959,LP18150
-34.797764,-58.174267,LP18151
-34.778746,-58.197047,LP18152
-34.779354,-58.198200,LP18153
-34.780429,-58.200255,LP18154
-34.782345,-58.203876,LP18156
-34.783350,-58.205807,LP18157
-34.780907,-58.207861,LP18158
-34.781744,-58.209964,LP18160
-34.783313,-58.209197,LP18161
-34.784511,-58.208242,LP18162
-34.785824,-58.206332,LP18163
-34.787040,-58.203049,LP18164
-34.787384,-58.201730,LP18165
-34.789736,-58.202985,LP18166
-34.792018,-58.205281,LP18167
-34.790149,-58.210300,LP18168
-34.788942,-58.213475,LP18169
-34.789488,-58.217424,LP18170
-34.785541,-58.220868,LP18171
-34.783215,-58.222745,LP18172
-34.779840,-58.225374,LP18173
-34.775989,-58.227852,LP18174
-34.773001,-58.229805,LP18175
-34.767436,-58.219795,LP18178
-34.766387,-58.217826,LP18179
-34.765206,-58.215600,LP18180
-34.764105,-58.213438,LP18181
-34.764413,-58.207650,LP18182
-34.886389,-58.002398,LP3430
-34.911896,-57.956801,LP 11501